day,avg_temp,min_temp,max_temp,precip_sum
2021-01-01,-1.01,-2.0,-0.1,3.2
2021-01-02,-0.56,-1.1,0.5,3.1
2021-01-03,-0.68,-1.9,0.1,1.0
2021-01-04,-0.78,-1.6,0.2,2.7
2021-01-05,-1.8,-3.7,-0.9,0.0
2021-01-06,-4.4,-5.1,-3.8,0.0
2021-01-07,-5.94,-6.7,-5.2,3.7
2021-01-08,-5.03,-6.2,-4.0,0.4
2021-01-09,-6.08,-6.6,-5.3,1.8
2021-01-10,-8.86,-12.4,-5.9,1.4
2021-01-11,-11.46,-13.9,-9.9,0.6
2021-01-12,-12.79,-15.2,-11.3,0.5
2021-01-13,-11.62,-13.5,-9.9,0.9
2021-01-14,-15.47,-17.1,-13.1,8.1
2021-01-15,-19.0,-20.9,-17.5,0.0
2021-01-16,-16.6,-17.9,-16.1,9.0
2021-01-17,-20.12,-24.8,-17.3,0.1
2021-01-18,-23.38,-27.8,-19.1,0.0
2021-01-19,-18.14,-21.0,-13.9,0.4
2021-01-20,-12.74,-14.9,-8.9,0.2
2021-01-21,-14.25,-17.2,-11.0,2.5
2021-01-22,-5.98,-12.3,-1.2,0.8
2021-01-23,0.1,-2.0,1.1,0.2
2021-01-24,1.0,-0.1,2.6,0.2
2021-01-25,0.99,-0.6,2.9,0.3
2021-01-26,0.18,-0.4,0.9,1.1
2021-01-27,-0.3,-3.0,1.0,0.4
2021-01-28,-1.98,-7.0,0.2,4.5
2021-01-29,-0.57,-2.2,0.5,3.3
2021-01-30,-3.58,-5.1,-2.5,0.9
2021-01-31,-4.67,-5.0,-4.0,3.1
2021-02-01,-4.31,-7.5,-2.7,0.0
2021-02-02,-8.4,-12.0,-5.9,0.0
2021-02-03,-7.68,-11.2,-3.4,1.2
2021-02-04,-3.3,-6.5,-2.0,5.0
2021-02-05,-10.34,-13.1,-6.7,2.2
2021-02-06,-15.72,-18.9,-13.7,0.0
2021-02-07,-15.75,-19.6,-10.4,0.2
2021-02-08,-17.32,-22.0,-13.8,0.0
2021-02-09,-17.79,-23.1,-13.8,2.9
2021-02-10,-14.13,-16.9,-12.6,1.9
2021-02-11,-15.75,-18.2,-13.5,0.4
2021-02-12,-15.29,-15.9,-14.7,10.7
2021-02-13,-15.22,-16.0,-14.2,13.6
2021-02-14,-14.55,-16.5,-11.6,1.5
2021-02-15,-19.33,-23.0,-16.1,0.0
2021-02-16,-19.1,-25.9,-13.1,1.6
2021-02-17,-12.39,-14.1,-10.4,1.8
2021-02-18,-17.06,-19.2,-13.2,0.0
2021-02-19,-17.42,-20.3,-12.8,0.0
2021-02-20,-16.42,-21.2,-11.6,0.2
2021-02-21,-10.22,-14.9,-7.7,3.8
2021-02-22,-13.98,-21.1,-9.7,1.0
2021-02-23,-23.85,-26.6,-21.5,0.0
2021-02-24,-16.63,-22.0,-13.2,2.4
2021-02-25,-2.62,-12.8,3.0,5.7
2021-02-26,3.55,2.3,5.1,1.1
2021-02-27,-0.9,-4.1,2.3,0.6
2021-02-28,-1.9,-4.7,0.7,0.1
2021-03-01,-1.48,-6.2,2.2,0.0
2021-03-02,1.62,-1.2,3.0,0.2
2021-03-03,-1.25,-4.6,2.0,0.0
2021-03-04,-0.16,-4.4,1.4,2.5
2021-03-05,-6.9,-10.9,-2.5,0.1
2021-03-06,-10.2,-14.0,-4.9,0.0
2021-03-07,-5.89,-11.0,-1.9,6.8
2021-03-08,-7.46,-9.8,-5.4,1.0
2021-03-09,-13.02,-16.6,-10.9,0.0
2021-03-10,-19.4,-23.2,-14.2,0.0
2021-03-11,-18.29,-25.0,-9.9,0.0
2021-03-12,-12.91,-18.6,-7.4,0.4
2021-03-13,-5.36,-7.9,-2.8,3.7
2021-03-14,-0.22,-2.5,2.2,2.1
2021-03-15,1.35,-1.6,2.3,3.0
2021-03-16,-0.6,-3.5,1.0,2.2
2021-03-17,-0.81,-2.8,1.1,0.0
2021-03-18,-0.68,-2.5,2.5,0.8
2021-03-19,-2.32,-5.7,1.1,0.3
2021-03-20,-4.62,-7.7,-0.9,0.2
2021-03-21,-3.65,-8.2,0.4,0.6
2021-03-22,-1.19,-5.8,1.5,0.4
2021-03-23,-3.86,-6.8,-0.2,0.1
2021-03-24,-3.83,-10.1,3.3,0.0
2021-03-25,-0.32,-4.6,5.4,0.0
2021-03-26,0.66,-3.7,5.7,0.1
2021-03-27,1.04,-3.7,5.6,0.0
2021-03-28,-0.64,-5.3,5.3,0.0
2021-03-29,-1.36,-5.6,4.1,0.0
2021-03-30,0.6,-3.3,4.6,3.6
2021-03-31,3.45,1.6,4.9,4.6
2021-04-01,4.23,1.4,7.2,6.1
2021-04-02,1.61,-1.7,5.1,8.3
2021-04-03,-0.79,-5.1,5.8,0.2
2021-04-04,0.44,-6.2,6.3,0.1
2021-04-05,3.13,-1.9,7.7,0.0
2021-04-06,5.58,0.9,11.1,0.0
2021-04-07,5.29,0.3,10.9,3.5
2021-04-08,1.96,-0.8,4.4,11.4
2021-04-09,2.67,-2.1,8.4,0.2
2021-04-10,4.92,-1.1,11.1,0.0
2021-04-11,7.91,1.2,16.1,0.0
2021-04-12,8.67,1.0,14.4,0.0
2021-04-13,13.71,7.2,21.4,0.0
2021-04-14,14.22,8.4,20.6,0.0
2021-04-15,12.38,6.1,20.1,0.0
2021-04-16,11.15,6.6,16.9,0.1
2021-04-17,11.21,6.3,17.5,0.0
2021-04-18,8.81,5.1,13.9,0.6
2021-04-19,8.48,5.9,13.2,0.0
2021-04-20,5.1,2.6,9.0,4.9
2021-04-21,4.18,1.4,6.9,7.2
2021-04-22,8.28,3.0,14.2,2.2
2021-04-23,9.38,5.8,14.4,5.9
2021-04-24,3.95,2.1,5.4,11.2
2021-04-25,3.89,0.9,7.2,0.4
2021-04-26,4.12,0.1,8.1,0.2
2021-04-27,2.45,1.6,3.8,9.6
2021-04-28,4.89,0.7,8.9,1.4
2021-04-29,6.02,1.2,10.4,0.0
2021-04-30,9.54,4.1,14.9,3.6
2021-05-01,8.97,5.0,12.2,0.4
2021-05-02,8.45,3.0,13.2,0.0
2021-05-03,11.61,6.7,18.2,11.5
2021-05-04,5.72,3.7,6.8,1.7
2021-05-05,7.92,3.4,13.4,1.2
2021-05-06,11.06,7.2,15.2,3.4
2021-05-07,9.15,4.0,13.8,0.2
2021-05-08,8.65,7.1,9.9,24.9
2021-05-09,6.81,4.7,9.1,4.0
2021-05-10,8.68,2.6,15.4,0.0
2021-05-11,12.57,3.7,20.8,0.0
2021-05-12,14.9,8.5,23.4,1.0
2021-05-13,13.2,7.1,18.8,0.1
2021-05-14,14.89,7.4,22.3,0.7
2021-05-15,17.31,13.4,22.7,0.8
2021-05-16,16.72,11.4,23.0,1.9
2021-05-17,19.89,10.1,28.1,0.0
2021-05-18,22.0,15.9,28.9,0.0
2021-05-19,20.9,15.9,24.0,0.5
2021-05-20,16.19,12.4,19.9,0.8
2021-05-21,13.73,12.0,16.3,0.4
2021-05-22,14.2,6.1,20.0,0.1
2021-05-23,15.92,10.1,22.2,0.0
2021-05-24,14.69,9.1,20.0,0.0
2021-05-25,14.75,8.2,20.2,0.0
2021-05-26,17.53,9.1,23.5,0.5
2021-05-27,16.71,14.6,20.2,11.3
2021-05-28,17.65,14.0,22.0,1.2
2021-05-29,15.09,11.3,19.0,14.1
2021-05-30,11.22,8.1,13.9,0.0
2021-05-31,9.85,6.2,12.9,0.0
2021-06-01,11.5,4.9,17.0,0.0
2021-06-02,14.05,7.1,19.4,0.0
2021-06-03,14.76,8.7,21.5,0.0
2021-06-04,16.5,10.6,22.3,0.0
2021-06-05,17.46,10.4,22.9,0.0
2021-06-06,17.77,11.4,24.0,1.2
2021-06-07,17.9,12.4,22.6,2.3
2021-06-08,17.28,12.1,21.8,5.6
2021-06-09,16.95,13.8,19.6,5.6
2021-06-10,15.09,13.4,17.0,8.3
2021-06-11,15.46,12.2,18.7,11.2
2021-06-12,17.58,14.1,21.3,1.7
2021-06-13,18.62,12.5,23.3,3.6
2021-06-14,19.95,13.1,25.7,3.0
2021-06-15,20.5,14.6,25.0,0.2
2021-06-16,19.42,14.7,23.1,0.1
2021-06-17,18.54,10.9,24.1,0.0
2021-06-18,20.04,13.4,25.2,0.0
2021-06-19,21.81,14.1,27.6,0.0
2021-06-20,23.37,14.9,29.2,0.0
2021-06-21,24.89,17.6,30.4,0.0
2021-06-22,26.18,17.2,32.4,0.0
2021-06-23,27.92,19.5,33.3,0.0
2021-06-24,28.03,19.4,33.2,0.0
2021-06-25,27.55,21.4,32.2,0.9
2021-06-26,27.01,18.9,32.1,0.0
2021-06-27,26.69,20.5,31.8,0.9
2021-06-28,24.52,19.5,30.0,7.1
2021-06-29,19.82,16.7,22.6,1.6
2021-06-30,18.18,14.4,22.4,1.1
2021-07-01,19.82,17.0,23.0,4.2
2021-07-02,19.3,16.2,22.1,1.1
2021-07-03,18.72,14.4,21.5,0.0
2021-07-04,18.82,15.0,22.2,0.2
2021-07-05,20.72,15.0,25.4,0.0
2021-07-06,21.44,14.7,27.0,0.0
2021-07-07,22.12,13.4,27.9,0.0
2021-07-08,23.77,14.9,29.5,0.0
2021-07-09,25.29,17.0,31.4,0.0
2021-07-10,26.12,19.2,32.4,0.1
2021-07-11,26.42,20.5,31.2,0.0
2021-07-12,25.3,17.8,30.9,0.0
2021-07-13,26.28,17.5,32.0,0.0
2021-07-14,27.35,19.7,33.0,0.0
2021-07-15,24.93,19.2,31.7,0.3
2021-07-16,26.41,19.4,31.8,0.0
2021-07-17,25.66,20.4,30.5,1.8
2021-07-18,25.02,18.8,30.1,0.1
2021-07-19,24.65,19.3,29.1,0.0
2021-07-20,22.67,18.5,26.0,0.0
2021-07-21,19.88,14.7,24.3,0.0
2021-07-22,18.1,13.6,22.2,0.0
2021-07-23,17.72,13.1,21.5,1.1
2021-07-24,16.97,12.4,21.1,0.5
2021-07-25,18.33,11.6,23.2,0.3
2021-07-26,20.65,13.9,26.0,0.0
2021-07-27,22.12,13.9,28.1,0.0
2021-07-28,19.87,15.4,24.4,6.2
2021-07-29,21.19,17.8,25.2,7.2
2021-07-30,20.72,17.6,23.8,9.9
2021-07-31,20.76,16.6,25.2,0.2
2021-08-01,20.3,13.9,24.6,3.0
2021-08-02,23.41,17.0,29.0,2.6
2021-08-03,20.34,16.0,22.8,0.2
2021-08-04,17.95,12.9,22.4,0.0
2021-08-05,17.39,11.5,23.1,0.2
2021-08-06,18.93,14.9,23.2,4.1
2021-08-07,22.55,16.8,28.0,1.8
2021-08-08,21.48,17.9,25.2,2.0
2021-08-09,21.98,16.2,28.0,0.0
2021-08-10,22.57,18.1,27.9,9.5
2021-08-11,20.26,19.2,22.6,22.5
2021-08-12,19.38,17.4,22.8,20.9
2021-08-13,17.92,14.8,21.8,0.2
2021-08-14,18.38,12.6,23.9,0.3
2021-08-15,19.63,13.5,25.5,0.0
2021-08-16,21.33,15.1,27.4,0.2
2021-08-17,22.5,16.8,28.8,0.0
2021-08-18,22.78,17.4,28.6,0.9
2021-08-19,20.19,17.1,23.7,1.6
2021-08-20,19.4,13.6,24.5,0.0
2021-08-21,17.93,16.5,19.5,6.6
2021-08-22,16.57,13.7,20.2,0.5
2021-08-23,15.42,10.9,19.8,0.0
2021-08-24,14.78,9.6,19.2,0.1
2021-08-25,13.78,7.2,18.1,0.0
2021-08-26,16.7,13.3,21.0,2.7
2021-08-27,17.78,15.1,22.3,3.4
2021-08-28,16.52,13.6,20.6,0.0
2021-08-29,17.68,13.2,22.9,0.1
2021-08-30,18.72,14.8,24.2,6.0
2021-08-31,19.86,16.0,25.6,0.3
2021-09-01,16.58,13.6,19.2,13.7
2021-09-02,11.9,8.6,14.9,0.2
2021-09-03,9.1,5.3,12.6,5.8
2021-09-04,8.0,5.7,11.6,2.5
2021-09-05,7.33,4.3,10.3,1.1
2021-09-06,7.71,3.5,11.8,0.1
2021-09-07,10.08,5.4,13.2,1.8
2021-09-08,12.8,10.6,14.5,1.2
2021-09-09,15.17,12.9,18.2,0.8
2021-09-10,15.74,12.9,19.8,0.8
2021-09-11,14.06,9.9,18.2,0.0
2021-09-12,17.23,13.7,21.1,0.1
2021-09-13,17.56,14.1,22.4,0.0
2021-09-14,12.2,10.4,15.4,0.0
2021-09-15,9.59,7.2,12.4,0.0
2021-09-16,7.54,4.4,9.6,0.1
2021-09-17,6.65,4.4,8.3,0.2
2021-09-18,6.29,1.1,10.8,0.0
2021-09-19,6.53,4.4,9.0,3.5
2021-09-20,5.74,4.8,6.9,13.2
2021-09-21,6.37,5.8,7.6,14.6
2021-09-22,6.55,4.7,8.2,6.0
2021-09-23,8.0,3.5,10.9,6.2
2021-09-24,8.44,5.8,11.4,0.5
2021-09-25,8.29,5.3,11.3,6.4
2021-09-26,9.45,8.1,11.7,7.1
2021-09-27,8.84,7.2,10.8,0.8
2021-09-28,7.28,3.0,10.3,0.1
2021-09-29,5.41,0.1,10.1,0.0
2021-09-30,6.05,4.5,7.8,0.0
2021-10-01,5.64,3.5,8.1,0.0
2021-10-02,5.92,3.2,9.4,0.0
2021-10-03,5.28,1.5,10.1,0.0
2021-10-04,5.74,0.9,10.6,0.0
2021-10-05,6.97,4.5,9.3,0.0
2021-10-06,6.86,2.6,11.9,0.0
2021-10-07,4.17,-0.7,10.9,0.0
2021-10-08,3.74,-2.2,11.7,0.0
2021-10-09,4.01,-1.9,12.4,0.0
2021-10-10,4.9,0.1,13.1,0.0
2021-10-11,4.68,-1.5,12.4,0.0
2021-10-12,6.81,2.5,12.8,0.0
2021-10-13,8.87,5.1,13.7,0.5
2021-10-14,7.75,6.7,8.5,11.2
2021-10-15,6.5,4.8,8.3,9.1
2021-10-16,8.52,4.9,10.9,0.6
2021-10-17,5.24,3.4,7.8,0.0
2021-10-18,4.41,1.5,7.2,2.2
2021-10-19,2.98,0.9,5.1,0.5
2021-10-20,1.52,-1.8,3.4,3.0
2021-10-21,9.98,4.2,13.1,2.9
2021-10-22,10.26,6.2,12.6,0.5
2021-10-23,5.84,2.3,8.6,0.0
2021-10-24,2.61,-0.2,4.4,0.6
2021-10-25,0.08,-3.7,2.8,0.0
2021-10-26,2.71,-0.6,6.9,0.0
2021-10-27,4.24,2.2,6.1,0.1
2021-10-28,6.51,2.0,10.1,0.9
2021-10-29,5.24,1.2,8.9,0.5
2021-10-30,8.59,6.8,11.9,0.0
2021-10-31,5.6,4.4,7.2,0.0
2021-11-01,4.34,0.2,9.1,0.0
2021-11-02,2.07,-0.3,4.5,0.0
2021-11-03,4.32,2.0,7.0,1.7
2021-11-04,6.92,3.8,9.0,4.0
2021-11-05,8.67,3.8,11.9,4.9
2021-11-06,8.04,5.9,11.9,0.4
2021-11-07,5.4,3.6,6.9,3.7
2021-11-08,5.44,4.3,6.4,2.3
2021-11-09,-0.26,-3.1,2.8,2.8
2021-11-10,-1.92,-5.0,0.7,0.0
2021-11-11,1.14,-0.7,2.0,4.3
2021-11-12,2.23,0.2,5.4,4.6
2021-11-13,3.58,2.4,4.4,0.6
2021-11-14,0.85,-1.2,2.0,1.4
2021-11-15,-0.74,-2.1,1.1,0.2
2021-11-16,-1.14,-2.5,0.6,0.0
2021-11-17,-1.22,-2.8,0.0,0.0
2021-11-18,-1.05,-2.0,-0.1,0.4
2021-11-19,1.08,0.2,2.4,0.9
2021-11-20,0.99,0.2,1.8,8.1
2021-11-21,0.65,-1.4,2.3,1.9
2021-11-22,-2.45,-4.1,-1.0,0.2
2021-11-23,-4.4,-6.2,-1.8,0.0
2021-11-24,-4.07,-7.7,1.3,2.3
2021-11-25,1.45,0.3,2.1,0.4
2021-11-26,1.34,-0.3,2.2,0.5
2021-11-27,1.22,-0.4,2.2,3.3
2021-11-28,2.31,-1.2,3.8,0.8
2021-11-29,2.96,-0.4,4.4,2.1
2021-11-30,1.88,-3.0,6.9,19.8
2021-12-01,-4.09,-8.9,-2.2,6.9
2021-12-02,-5.47,-9.6,-0.2,2.7
2021-12-03,0.71,-0.2,1.5,6.8
2021-12-04,-3.53,-7.9,-0.4,0.2
2021-12-05,-3.99,-6.9,-2.2,2.1
2021-12-06,-4.09,-5.0,-3.0,1.0
2021-12-07,-2.08,-5.4,0.1,9.1
2021-12-08,-6.48,-9.8,-1.3,0.3
2021-12-09,-12.42,-14.8,-10.2,0.4
2021-12-10,-13.96,-16.1,-12.1,0.0
2021-12-11,-14.28,-16.1,-10.6,0.0
2021-12-12,-6.58,-10.7,-3.2,0.2
2021-12-13,-2.9,-4.0,-2.3,4.2
2021-12-14,-4.09,-5.2,-2.7,6.3
2021-12-15,-3.91,-5.8,-1.5,0.4
2021-12-16,-0.34,-2.0,1.2,3.5
2021-12-17,0.3,-0.6,1.4,0.6
2021-12-18,-1.85,-3.5,-0.6,0.5
2021-12-19,-2.06,-4.1,-0.1,5.8
2021-12-20,-9.12,-15.4,-4.2,2.4
2021-12-21,-18.06,-19.6,-16.3,0.6
2021-12-22,-23.38,-25.6,-20.9,0.2
2021-12-23,-14.55,-23.2,-10.8,0.1
2021-12-24,-11.98,-14.9,-10.3,0.4
2021-12-25,-10.96,-14.4,-6.6,3.3
2021-12-26,-9.63,-15.4,-5.9,1.6
2021-12-27,-12.55,-15.8,-8.8,0.2
2021-12-28,-13.97,-16.8,-9.9,0.1
2021-12-29,-13.43,-15.8,-11.0,0.0
2021-12-30,-11.18,-15.5,-8.6,0.0
2021-12-31,-6.44,-8.6,-3.2,1.6
2022-01-01,-1.97,-4.0,-0.9,2.2
2022-01-02,-7.53,-12.4,-3.9,0.0
2022-01-03,-9.86,-14.7,-8.4,0.0
2022-01-04,-9.3,-10.6,-7.8,0.1
2022-01-05,-8.02,-11.1,-5.5,5.0
2022-01-06,-1.1,-4.3,0.3,1.2
2022-01-07,-4.85,-8.0,-0.6,0.6
2022-01-08,-7.1,-10.0,-4.0,0.3
2022-01-09,-5.58,-6.6,-3.8,3.9
2022-01-10,-7.32,-8.9,-6.4,4.9
2022-01-11,-10.44,-13.1,-7.2,0.3
2022-01-12,-15.34,-17.5,-12.6,0.1
2022-01-13,-13.5,-19.1,-2.0,1.2
2022-01-14,0.1,-2.2,1.6,1.9
2022-01-15,-2.72,-3.7,-2.0,1.4
2022-01-16,-5.23,-7.2,-3.3,0.0
2022-01-17,-3.53,-5.9,-2.0,3.2
2022-01-18,-4.59,-9.8,-2.0,2.8
2022-01-19,-9.23,-12.1,-6.2,0.1
2022-01-20,-3.74,-5.8,-2.8,1.4
2022-01-21,-5.13,-7.5,-3.1,4.0
2022-01-22,-5.43,-7.6,-4.2,2.2
2022-01-23,-5.49,-7.6,-4.6,0.3
2022-01-24,-8.9,-11.9,-7.3,0.0
2022-01-25,-9.52,-10.8,-8.1,0.7
2022-01-26,-6.92,-9.2,-4.2,2.0
2022-01-27,-9.46,-12.1,-6.9,0.0
2022-01-28,-7.28,-8.9,-5.8,1.6
2022-01-29,-6.39,-8.0,-5.5,3.0
2022-01-30,-4.79,-6.5,-3.3,1.4
2022-01-31,-3.0,-4.2,-1.7,4.5
2022-02-01,-3.02,-5.8,-1.1,1.4
2022-02-02,-4.8,-6.7,-3.5,0.1
2022-02-03,-7.02,-8.8,-5.9,1.1
2022-02-04,-7.75,-11.1,-6.1,0.9
2022-02-05,-9.72,-12.1,-8.3,0.0
2022-02-06,-8.69,-11.8,-6.8,2.8
2022-02-07,-2.92,-7.8,-0.8,2.4
2022-02-08,-0.39,-1.7,1.0,0.3
2022-02-09,-2.46,-5.3,-0.9,0.4
2022-02-10,-0.89,-2.2,1.0,1.2
2022-02-11,-1.21,-3.3,0.6,0.2
2022-02-12,-2.64,-5.2,-0.9,0.0
2022-02-13,-1.28,-4.1,0.6,0.0
2022-02-14,-2.19,-3.6,-0.2,0.0
2022-02-15,-2.84,-4.8,0.5,0.0
2022-02-16,-3.67,-6.2,-0.8,0.0
2022-02-17,0.02,-2.8,1.7,2.5
2022-02-18,0.72,-2.5,2.4,3.3
2022-02-19,-0.46,-3.4,1.9,3.3
2022-02-20,0.43,-1.8,1.3,2.5
2022-02-21,-0.75,-3.0,1.0,2.5
2022-02-22,1.72,0.9,3.2,3.4
2022-02-23,0.0,-3.8,1.2,0.7
2022-02-24,-2.18,-5.6,-0.1,0.2
2022-02-25,-2.8,-6.3,1.8,0.0
2022-02-26,-1.08,-5.1,1.6,0.1
2022-02-27,-3.36,-7.0,-0.9,0.0
2022-02-28,-5.43,-9.4,0.2,0.0
2022-03-01,-7.0,-13.3,1.1,0.0
2022-03-02,-5.32,-11.2,1.7,0.0
2022-03-03,-4.67,-9.9,2.5,0.0
2022-03-04,-4.25,-7.5,-1.8,0.0
2022-03-05,-2.35,-5.2,-0.9,0.3
2022-03-06,-4.56,-9.4,-1.0,0.0
2022-03-07,-2.02,-3.2,-0.4,1.2
2022-03-08,-5.24,-8.6,-2.8,2.3
2022-03-09,-11.23,-14.8,-6.5,0.0
2022-03-10,-11.57,-16.4,-5.6,0.0
2022-03-11,-9.19,-15.6,-1.2,0.0
2022-03-12,-5.05,-10.7,-1.4,0.9
2022-03-13,-3.05,-10.6,1.6,0.0
2022-03-14,0.43,-4.3,2.8,0.4
2022-03-15,-4.81,-8.9,0.3,0.0
2022-03-16,-7.59,-13.6,-1.0,0.0
2022-03-17,-7.75,-13.6,-0.1,0.0
2022-03-18,-5.25,-12.7,2.8,0.0
2022-03-19,-2.87,-9.2,4.8,0.0
2022-03-20,-0.18,-5.7,5.9,0.0
2022-03-21,1.51,-2.8,6.8,0.0
2022-03-22,0.69,-5.8,8.7,0.0
2022-03-23,-0.05,-6.1,9.4,0.0
2022-03-24,1.04,-5.6,10.9,0.0
2022-03-25,1.5,-4.0,7.9,0.2
2022-03-26,2.5,-0.5,5.1,3.2
2022-03-27,-3.12,-6.1,-0.9,1.4
2022-03-28,-3.63,-8.1,3.0,6.6
2022-03-29,-0.58,-5.2,1.0,0.5
2022-03-30,-4.47,-9.4,-0.4,0.1
2022-03-31,-2.5,-8.9,2.0,1.3
2022-04-01,0.18,-1.8,3.5,0.1
2022-04-02,-0.77,-2.0,0.8,9.8
2022-04-03,-1.3,-4.8,1.4,5.2
2022-04-04,-3.52,-10.1,2.5,0.0
2022-04-05,-0.84,-5.2,2.8,0.4
2022-04-06,0.16,-3.3,2.5,2.8
2022-04-07,1.38,-4.0,5.4,2.4
2022-04-08,8.07,3.4,14.4,0.5
2022-04-09,7.7,4.0,10.8,4.3
2022-04-10,6.45,4.4,8.2,6.1
2022-04-11,3.63,2.0,4.8,8.3
2022-04-12,5.35,1.5,11.8,4.9
2022-04-13,4.52,1.3,7.4,0.0
2022-04-14,5.0,-0.1,10.4,0.0
2022-04-15,5.19,-0.4,9.8,2.1
2022-04-16,2.91,0.7,4.9,3.7
2022-04-17,2.41,-1.2,6.3,0.0
2022-04-18,4.14,-2.3,10.2,0.0
2022-04-19,7.41,1.5,13.7,0.0
2022-04-20,8.67,3.5,14.0,0.0
2022-04-21,6.39,3.0,7.6,7.3
2022-04-22,6.57,1.5,11.5,0.0
2022-04-23,8.7,3.2,14.8,0.6
2022-04-24,8.92,4.6,12.9,3.9
2022-04-25,11.84,8.4,16.7,0.5
2022-04-26,11.65,7.3,15.6,0.1
2022-04-27,8.12,4.0,12.1,0.9
2022-04-28,4.26,1.5,7.4,0.1
2022-04-29,5.17,0.3,9.7,0.5
2022-04-30,3.59,0.2,7.2,0.2
2022-05-01,5.87,-2.0,12.7,0.6
2022-05-02,8.39,2.5,14.4,0.3
2022-05-03,11.02,5.8,17.2,0.4
2022-05-04,6.11,1.9,8.4,1.5
2022-05-05,5.08,-0.8,10.1,0.0
2022-05-06,9.7,4.0,15.4,0.1
2022-05-07,11.68,5.2,17.7,0.0
2022-05-08,12.87,8.9,17.1,2.0
2022-05-09,7.06,4.2,9.7,3.9
2022-05-10,6.6,2.5,9.3,0.1
2022-05-11,11.18,6.5,17.0,0.0
2022-05-12,12.87,5.3,21.5,6.1
2022-05-13,11.86,8.1,16.0,0.8
2022-05-14,11.45,7.2,16.2,0.5
2022-05-15,11.06,6.4,15.9,0.4
2022-05-16,10.1,7.3,13.8,0.4
2022-05-17,9.51,7.0,13.2,8.1
2022-05-18,10.53,6.4,14.8,0.4
2022-05-19,9.0,6.1,14.4,2.9
2022-05-20,8.3,4.2,12.1,0.0
2022-05-21,9.4,2.1,15.1,0.0
2022-05-22,7.63,3.7,11.4,0.0
2022-05-23,8.35,2.3,14.1,0.0
2022-05-24,7.33,5.6,8.6,0.0
2022-05-25,8.28,2.7,13.5,0.2
2022-05-26,12.74,5.5,19.5,6.6
2022-05-27,11.64,8.8,15.3,15.8
2022-05-28,9.43,4.8,12.4,2.9
2022-05-29,10.61,6.2,15.3,1.4
2022-05-30,13.5,4.9,19.5,0.0
2022-05-31,14.66,12.9,18.1,7.2
2022-06-01,17.1,10.2,22.6,0.2
2022-06-02,18.76,12.6,24.9,0.6
2022-06-03,16.43,11.6,19.3,4.3
2022-06-04,15.1,9.1,19.8,0.0
2022-06-05,14.23,10.2,18.0,2.5
2022-06-06,15.67,10.1,21.2,0.1
2022-06-07,15.06,8.8,20.2,0.0
2022-06-08,16.23,8.4,22.8,0.0
2022-06-09,19.31,9.6,26.6,0.0
2022-06-10,21.29,15.9,26.0,0.1
2022-06-11,19.99,12.7,25.1,0.0
2022-06-12,19.86,14.7,24.4,0.0
2022-06-13,18.66,14.1,23.9,7.9
2022-06-14,19.52,13.9,26.5,6.4
2022-06-15,15.65,11.9,19.4,0.0
2022-06-16,17.23,12.6,21.8,0.2
2022-06-17,15.4,10.6,20.6,8.8
2022-06-18,16.52,10.8,21.1,0.1
2022-06-19,19.22,14.1,24.2,0.3
2022-06-20,16.84,13.2,20.7,2.0
2022-06-21,15.93,12.9,19.6,1.0
2022-06-22,17.27,13.6,21.6,0.5
2022-06-23,18.23,11.6,23.6,0.0
2022-06-24,19.95,10.9,27.0,0.0
2022-06-25,22.28,13.9,28.3,0.0
2022-06-26,24.48,15.4,30.2,0.0
2022-06-27,26.14,17.8,32.1,0.0
2022-06-28,22.14,17.4,25.4,0.0
2022-06-29,18.32,10.6,23.4,0.0
2022-06-30,19.54,10.7,25.4,0.0
2022-07-01,18.13,13.9,21.9,0.0
2022-07-02,18.95,9.4,25.4,0.0
2022-07-03,23.55,16.5,29.6,0.4
2022-07-04,24.12,15.6,30.0,0.0
2022-07-05,24.13,17.0,29.8,0.1
2022-07-06,23.85,17.1,29.6,0.5
2022-07-07,24.84,20.3,31.2,1.9
2022-07-08,20.41,14.9,24.2,0.0
2022-07-09,20.52,14.2,25.5,1.0
2022-07-10,22.18,16.1,29.1,6.2
2022-07-11,25.04,17.8,31.0,0.5
2022-07-12,21.56,16.8,25.1,6.1
2022-07-13,19.5,12.8,24.4,0.2
2022-07-14,18.28,13.1,23.8,6.4
2022-07-15,18.42,14.1,23.4,0.2
2022-07-16,17.41,11.6,21.6,0.1
2022-07-17,17.26,12.9,21.5,1.2
2022-07-18,16.79,13.4,20.6,2.6
2022-07-19,16.33,11.4,20.8,0.5
2022-07-20,15.7,11.8,21.0,10.1
2022-07-21,16.95,12.8,21.4,19.1
2022-07-22,20.17,15.2,25.0,0.5
2022-07-23,21.51,14.1,27.5,0.0
2022-07-24,22.3,14.7,28.1,0.0
2022-07-25,21.59,16.0,26.2,1.4
2022-07-26,22.83,18.0,27.9,0.6
2022-07-27,24.25,17.9,30.6,0.2
2022-07-28,21.48,18.0,25.4,7.7
2022-07-29,18.86,13.9,22.8,0.0
2022-07-30,17.6,11.4,23.2,0.0
2022-07-31,18.62,12.0,23.5,0.0
2022-08-01,19.57,12.4,25.0,0.0
2022-08-02,20.24,13.2,25.9,0.0
2022-08-03,22.12,14.1,28.6,0.0
2022-08-04,22.87,14.9,29.4,0.0
2022-08-05,24.02,17.1,30.2,0.0
2022-08-06,24.13,17.5,31.1,0.1
2022-08-07,22.9,18.8,28.5,2.2
2022-08-08,19.05,16.4,21.4,4.9
2022-08-09,17.78,15.1,21.9,24.3
2022-08-10,18.16,13.4,22.8,0.0
2022-08-11,18.17,11.5,24.1,0.0
2022-08-12,19.31,12.9,25.6,0.0
2022-08-13,20.54,13.8,26.6,0.0
2022-08-14,21.65,13.6,27.5,0.0
2022-08-15,22.41,15.7,27.7,0.0
2022-08-16,22.65,16.1,28.8,0.0
2022-08-17,23.22,17.6,29.1,0.0
2022-08-18,23.24,16.6,29.0,0.0
2022-08-19,22.08,17.8,26.3,0.0
2022-08-20,19.06,15.8,21.1,0.1
2022-08-21,20.68,14.9,26.2,0.1
2022-08-22,22.85,17.2,29.2,0.0
2022-08-23,24.02,18.0,30.8,0.0
2022-08-24,23.68,15.9,31.0,0.0
2022-08-25,23.72,15.2,30.9,0.0
2022-08-26,23.43,14.8,31.6,0.0
2022-08-27,23.3,14.4,30.8,0.0
2022-08-28,23.49,16.0,30.5,0.0
2022-08-29,21.9,17.9,27.1,1.0
2022-08-30,21.42,16.5,28.6,3.2
2022-08-31,17.56,13.4,21.0,0.9
2022-09-01,11.47,8.5,14.8,0.1
2022-09-02,9.3,6.8,12.9,1.3
2022-09-03,10.34,5.0,15.3,0.0
2022-09-04,10.04,4.9,14.9,0.0
2022-09-05,8.34,4.3,12.1,1.5
2022-09-06,8.53,5.7,11.0,0.6
2022-09-07,8.92,6.1,13.6,4.5
2022-09-08,7.78,5.1,10.7,1.1
2022-09-09,7.37,2.8,12.2,0.0
2022-09-10,8.31,0.9,15.2,0.0
2022-09-11,9.45,2.0,15.5,0.0
2022-09-12,10.99,8.2,14.4,1.8
2022-09-13,10.93,6.8,14.4,2.0
2022-09-14,11.47,9.7,14.8,3.7
2022-09-15,11.41,7.9,14.0,2.9
2022-09-16,11.6,7.4,15.9,7.1
2022-09-17,11.83,8.0,16.0,0.1
2022-09-18,11.55,7.2,16.6,1.4
2022-09-19,11.38,9.1,14.8,4.5
2022-09-20,11.41,7.4,15.1,0.4
2022-09-21,9.36,5.0,14.9,3.4
2022-09-22,10.27,7.6,14.4,1.0
2022-09-23,10.25,6.6,14.2,0.3
2022-09-24,8.65,7.8,9.7,26.2
2022-09-25,7.65,6.8,8.6,6.6
2022-09-26,7.46,4.0,10.4,1.5
2022-09-27,6.61,1.5,11.7,0.0
2022-09-28,8.55,7.2,11.0,3.5
2022-09-29,9.47,7.1,14.0,0.3
2022-09-30,11.27,6.8,16.9,4.0
2022-10-01,12.59,10.6,15.2,10.6
2022-10-02,11.02,9.3,13.1,2.6
2022-10-03,12.3,8.6,15.4,12.5
2022-10-04,10.11,8.3,13.1,3.5
2022-10-05,7.57,5.9,9.3,1.7
2022-10-06,8.85,4.8,11.6,0.5
2022-10-07,11.06,7.3,13.9,0.1
2022-10-08,10.09,6.6,14.9,0.0
2022-10-09,10.82,8.4,15.3,4.7
2022-10-10,8.23,3.5,11.4,1.6
2022-10-11,4.77,-0.2,10.9,0.0
2022-10-12,4.52,-1.1,9.6,0.0
2022-10-13,5.8,2.8,9.5,0.1
2022-10-14,5.35,3.0,8.0,0.0
2022-10-15,7.01,3.9,10.2,0.0
2022-10-16,6.06,1.4,11.6,0.0
2022-10-17,6.6,4.6,8.8,1.6
2022-10-18,8.2,5.5,12.5,8.9
2022-10-19,6.83,5.2,8.5,0.1
2022-10-20,4.84,2.6,7.3,0.1
2022-10-21,4.05,2.4,5.7,1.1
2022-10-22,5.02,3.5,6.6,1.0
2022-10-23,5.07,1.7,7.7,0.3
2022-10-24,4.57,-0.8,7.3,0.3
2022-10-25,-0.38,-4.1,4.7,0.0
2022-10-26,0.99,-1.5,4.9,0.0
2022-10-27,2.05,-1.4,5.6,0.0
2022-10-28,5.6,-0.6,9.4,1.4
2022-10-29,8.72,7.7,10.1,4.9
2022-10-30,6.4,0.8,10.6,1.8
2022-10-31,1.58,-0.2,3.7,1.9
2022-11-01,0.8,0.1,1.9,0.0
2022-11-02,0.1,-2.8,1.4,0.9
2022-11-03,-0.39,-1.1,0.9,0.0
2022-11-04,-1.33,-2.5,-0.2,0.0
2022-11-05,-0.7,-2.2,1.3,0.0
2022-11-06,-0.83,-2.0,0.2,0.0
2022-11-07,1.08,0.2,2.2,2.4
2022-11-08,4.0,2.2,5.3,4.3
2022-11-09,7.33,5.4,9.1,0.2
2022-11-10,7.09,6.0,8.5,0.4
2022-11-11,7.65,6.8,8.6,1.9
2022-11-12,9.5,7.6,11.6,1.8
2022-11-13,6.87,3.9,9.9,0.9
2022-11-14,-0.08,-3.2,3.2,0.1
2022-11-15,-2.47,-4.5,-0.5,4.1
2022-11-16,-3.86,-6.4,-0.6,0.9
2022-11-17,-4.25,-5.9,-2.5,1.5
2022-11-18,-5.65,-6.6,-4.2,4.1
2022-11-19,-6.48,-11.2,-3.8,0.1
2022-11-20,-3.72,-5.5,-2.5,3.1
2022-11-21,-5.13,-5.9,-4.1,0.0
2022-11-22,-2.25,-5.9,0.6,11.9
2022-11-23,-0.46,-3.2,0.6,0.2
2022-11-24,-5.14,-5.8,-3.5,0.2
2022-11-25,-6.47,-7.6,-5.8,0.0
2022-11-26,-5.94,-7.2,-4.8,0.2
2022-11-27,-4.64,-7.1,-3.1,0.2
2022-11-28,-4.92,-5.5,-4.1,0.8
2022-11-29,-7.47,-12.8,-5.2,0.0
2022-11-30,-10.55,-13.6,-7.6,0.0
2022-12-01,-9.4,-13.4,-7.4,0.0
2022-12-02,-8.78,-11.1,-6.8,0.0
2022-12-03,-8.06,-10.7,-6.6,0.0
2022-12-04,-9.11,-10.8,-7.1,0.0
2022-12-05,-11.37,-12.6,-9.6,0.0
2022-12-06,-9.53,-11.9,-7.5,0.0
2022-12-07,-9.4,-10.4,-7.9,0.0
2022-12-08,-7.13,-9.9,-4.9,1.9
2022-12-09,-4.91,-8.1,-3.7,0.5
2022-12-10,-3.15,-6.2,-1.0,11.3
2022-12-11,-1.18,-2.0,1.0,9.6
2022-12-12,2.47,1.1,3.1,16.3
2022-12-13,-0.33,-2.2,1.3,5.9
2022-12-14,-5.28,-7.9,-1.8,8.7
2022-12-15,-6.52,-7.5,-5.7,2.3
2022-12-16,-5.32,-11.4,-2.4,1.5
2022-12-17,-5.8,-11.0,-4.6,4.9
2022-12-18,-6.35,-9.5,-4.7,15.6
2022-12-19,-6.25,-11.0,-2.0,0.5
2022-12-20,-8.47,-14.8,-4.0,0.0
2022-12-21,-7.29,-15.4,-1.3,1.5
2022-12-22,0.78,-0.6,1.3,5.6
2022-12-23,0.82,0.3,1.4,1.4
2022-12-24,0.81,-0.4,1.2,3.8
2022-12-25,-4.53,-9.1,-0.6,0.0
2022-12-26,-7.31,-8.9,-5.3,0.0
2022-12-27,-5.62,-8.1,-1.5,4.0
2022-12-28,-2.05,-2.5,-1.3,3.7
2022-12-29,-2.88,-4.3,-1.4,1.1
2022-12-30,-0.99,-3.3,0.9,3.0
2022-12-31,0.35,-1.6,1.4,7.7
2023-01-01,2.25,-0.4,5.9,5.2
2023-01-02,-1.21,-5.4,4.9,4.1
2023-01-03,-1.72,-5.7,3.1,8.3
2023-01-04,-3.35,-4.9,0.4,1.7
2023-01-05,-7.31,-14.9,-2.7,1.3
2023-01-06,-23.07,-26.1,-16.5,0.0
2023-01-07,-25.68,-27.5,-24.4,0.0
2023-01-08,-19.32,-24.5,-16.4,0.0
2023-01-09,-20.06,-23.6,-18.5,0.0
2023-01-10,-16.0,-20.9,-12.3,0.7
2023-01-11,-12.08,-14.8,-9.1,1.2
2023-01-12,-8.81,-9.9,-7.8,0.0
2023-01-13,-6.1,-8.1,-4.4,0.0
2023-01-14,-3.07,-4.2,-2.2,3.2
2023-01-15,-3.23,-4.2,-2.5,0.5
2023-01-16,-4.42,-5.3,-3.3,0.4
2023-01-17,-1.39,-3.3,0.9,3.3
2023-01-18,0.22,-0.9,1.1,1.4
2023-01-19,1.54,0.7,2.1,7.3
2023-01-20,2.3,1.3,2.8,2.2
2023-01-21,-3.37,-6.4,0.9,0.0
2023-01-22,-4.88,-8.4,-3.2,0.0
2023-01-23,-4.72,-6.7,-3.3,0.0
2023-01-24,-3.26,-6.3,-1.6,0.0
2023-01-25,-3.85,-9.1,-2.0,0.1
2023-01-26,-2.71,-3.3,-2.0,0.0
2023-01-27,-3.1,-3.6,-2.5,0.9
2023-01-28,-3.67,-4.4,-1.8,0.2
2023-01-29,-3.81,-4.9,-2.0,0.1
2023-01-30,-2.9,-4.4,-1.5,1.7
2023-01-31,-1.44,-2.3,-0.5,0.8
2023-02-01,-0.94,-2.4,-0.2,0.6
2023-02-02,-2.63,-4.0,-1.4,0.1
2023-02-03,-1.28,-2.5,0.1,1.9
2023-02-04,-1.92,-3.5,-0.4,0.3
2023-02-05,-3.61,-5.9,-2.0,1.9
2023-02-06,-6.52,-7.9,-4.2,0.0
2023-02-07,-10.08,-14.5,-6.3,0.0
2023-02-08,-8.28,-14.3,-3.7,0.1
2023-02-09,-2.56,-3.6,-1.1,0.3
2023-02-10,-3.63,-5.1,-1.6,0.2
2023-02-11,-3.72,-6.3,-1.7,3.9
2023-02-12,-4.79,-9.9,-1.1,2.7
2023-02-13,-4.69,-11.9,0.3,3.1
2023-02-14,-0.52,-1.7,0.6,1.2
2023-02-15,-3.59,-4.9,-2.5,0.0
2023-02-16,-6.05,-8.3,-4.3,0.0
2023-02-17,-9.11,-11.8,-5.9,0.0
2023-02-18,-7.83,-12.0,-5.8,0.1
2023-02-19,-7.45,-8.2,-6.8,4.0
2023-02-20,-8.1,-11.6,-6.7,1.0
2023-02-21,-14.07,-15.6,-12.0,0.0
2023-02-22,-15.75,-17.9,-13.2,0.0
2023-02-23,-12.93,-16.0,-8.8,0.0
2023-02-24,-7.32,-12.0,-4.1,2.2
2023-02-25,-0.58,-3.8,1.2,1.0
2023-02-26,-0.07,-3.5,1.2,3.3
2023-02-27,-4.8,-8.7,-3.6,0.3
2023-02-28,-5.93,-10.2,-1.8,0.7
2023-03-01,-5.88,-8.2,-3.5,0.0
2023-03-02,-4.96,-8.0,-2.5,0.3
2023-03-03,-1.4,-4.7,1.1,1.3
2023-03-04,-3.56,-7.2,-0.6,2.6
2023-03-05,-3.35,-6.8,-0.9,2.8
2023-03-06,-4.59,-7.6,-2.5,0.7
2023-03-07,-5.3,-8.1,-1.4,0.5
2023-03-08,-5.88,-10.8,0.6,2.2
2023-03-09,-3.97,-7.9,-1.0,0.6
2023-03-10,-6.91,-8.9,-4.2,0.0
2023-03-11,-5.75,-9.8,-0.4,2.5
2023-03-12,1.37,-3.5,5.6,16.7
2023-03-13,-4.96,-7.9,-1.5,0.0
2023-03-14,-0.18,-8.0,3.3,2.3
2023-03-15,2.64,1.0,4.8,1.0
2023-03-16,1.2,0.4,2.3,2.0
2023-03-17,-0.93,-6.6,2.7,0.0
2023-03-18,-4.68,-10.1,1.8,0.0
2023-03-19,-5.53,-10.8,0.6,0.0
2023-03-20,-3.45,-9.1,3.1,0.0
2023-03-21,1.05,-3.5,5.2,0.5
2023-03-22,1.85,-0.5,4.0,0.0
2023-03-23,3.88,0.2,7.6,0.0
2023-03-24,4.75,-0.2,7.3,5.1
2023-03-25,4.49,-2.4,9.5,2.1
2023-03-26,3.81,1.0,7.8,8.5
2023-03-27,4.43,0.3,9.1,0.4
2023-03-28,4.09,-2.3,9.8,0.0
2023-03-29,5.69,2.8,7.8,4.0
2023-03-30,3.43,-0.4,6.2,0.2
2023-03-31,1.02,-3.8,5.4,1.3
2023-04-01,3.82,-0.2,9.1,2.6
2023-04-02,6.47,3.3,9.9,0.3
2023-04-03,7.97,3.5,13.4,0.6
2023-04-04,8.31,4.4,13.6,0.5
2023-04-05,7.41,1.5,14.1,0.0
2023-04-06,7.0,1.6,13.9,0.0
2023-04-07,4.9,-0.6,10.6,0.0
2023-04-08,5.29,-1.8,12.1,0.0
2023-04-09,7.0,0.1,13.9,0.0
2023-04-10,6.87,0.8,12.7,0.2
2023-04-11,8.55,2.6,15.2,2.6
2023-04-12,9.4,2.2,17.0,0.0
2023-04-13,9.8,3.8,16.6,0.0
2023-04-14,3.88,0.6,7.6,0.0
2023-04-15,2.93,-1.9,8.1,0.0
2023-04-16,5.56,-1.0,12.3,0.0
2023-04-17,7.44,0.2,13.9,0.3
2023-04-18,9.66,4.7,14.9,0.1
2023-04-19,10.0,4.3,16.1,0.0
2023-04-20,9.5,1.9,16.4,0.0
2023-04-21,9.49,2.0,15.6,0.0
2023-04-22,9.53,3.1,15.1,0.0
2023-04-23,11.21,2.3,18.4,0.0
2023-04-24,13.12,3.4,20.7,0.0
2023-04-25,12.39,5.5,18.1,0.5
2023-04-26,11.31,7.8,15.8,7.0
2023-04-27,13.03,4.0,20.1,0.7
2023-04-28,10.98,7.1,15.4,3.6
2023-04-29,6.85,2.7,12.9,13.9
2023-04-30,7.03,0.3,12.2,3.3
2023-05-01,6.58,3.1,10.9,2.3
2023-05-02,7.68,-0.6,14.2,0.0
2023-05-03,10.05,5.7,14.4,1.4
2023-05-04,8.59,0.9,13.9,0.0
2023-05-05,5.32,1.6,8.0,0.5
2023-05-06,2.63,-1.5,7.0,0.3
2023-05-07,3.1,-2.7,8.3,0.1
2023-05-08,5.1,-2.5,10.7,0.3
2023-05-09,7.52,-0.6,13.1,0.0
2023-05-10,10.38,2.5,15.9,0.0
2023-05-11,12.36,6.3,17.6,1.2
2023-05-12,13.87,6.1,21.0,0.0
2023-05-13,15.56,8.1,22.4,0.0
2023-05-14,12.83,8.2,17.2,0.0
2023-05-15,12.65,3.9,18.8,0.0
2023-05-16,14.28,7.8,20.0,0.0
2023-05-17,16.41,8.1,23.2,0.0
2023-05-18,18.11,9.0,25.4,0.0
2023-05-19,14.04,11.2,17.1,3.7
2023-05-20,11.18,8.4,14.5,4.9
2023-05-21,12.42,7.6,17.0,2.6
2023-05-22,13.9,6.8,21.2,3.1
2023-05-23,15.45,9.4,19.4,1.2
2023-05-24,17.2,13.1,21.5,1.7
2023-05-25,17.05,13.0,20.8,5.2
2023-05-26,18.41,10.1,24.9,0.0
2023-05-27,16.77,12.5,21.4,0.0
2023-05-28,12.35,8.3,17.1,5.7
2023-05-29,14.42,6.8,20.6,0.0
2023-05-30,15.98,7.3,21.5,0.0
2023-05-31,11.42,8.4,14.3,9.1
2023-06-01,14.67,5.6,20.9,0.0
2023-06-02,15.89,7.4,24.0,0.3
2023-06-03,9.34,7.1,12.4,5.9
2023-06-04,9.95,3.4,14.5,0.2
2023-06-05,12.37,6.8,18.0,1.2
2023-06-06,14.25,6.4,19.8,0.0
2023-06-07,16.79,8.6,22.4,0.0
2023-06-08,17.35,10.6,22.9,0.0
2023-06-09,17.58,12.4,24.1,0.2
2023-06-10,12.75,8.4,16.8,0.0
2023-06-11,12.12,5.6,17.0,0.0
2023-06-12,14.06,6.7,19.1,0.0
2023-06-13,15.72,7.9,21.4,0.0
2023-06-14,17.46,7.6,23.9,0.0
2023-06-15,19.69,10.1,25.9,0.0
2023-06-16,21.35,11.9,27.5,0.0
2023-06-17,21.3,12.7,27.1,0.0
2023-06-18,19.06,12.5,24.5,0.0
2023-06-19,17.15,10.1,22.2,0.0
2023-06-20,18.29,10.4,24.5,0.1
2023-06-21,16.43,9.5,21.7,0.0
2023-06-22,18.55,8.1,25.6,0.0
2023-06-23,17.25,13.2,20.7,2.5
2023-06-24,16.49,13.4,19.6,0.7
2023-06-25,17.85,10.8,23.0,0.0
2023-06-26,19.3,12.5,24.1,0.0
2023-06-27,18.22,13.4,24.0,0.1
2023-06-28,17.15,13.5,22.0,2.1
2023-06-29,17.01,13.9,21.1,12.9
2023-06-30,15.58,12.4,18.5,5.0
2023-07-01,18.99,13.5,24.6,1.4
2023-07-02,19.08,15.2,23.2,0.1
2023-07-03,19.26,14.6,23.4,3.0
2023-07-04,19.25,11.6,25.2,0.0
2023-07-05,20.35,13.7,25.6,0.5
2023-07-06,22.21,14.1,28.2,0.0
2023-07-07,22.7,18.8,27.2,12.6
2023-07-08,19.92,16.8,22.7,2.6
2023-07-09,19.29,13.1,24.0,0.0
2023-07-10,16.66,14.3,20.4,0.5
2023-07-11,14.54,12.1,17.8,1.3
2023-07-12,13.63,10.4,16.5,0.2
2023-07-13,13.65,12.1,16.6,16.2
2023-07-14,15.5,12.6,18.2,1.7
2023-07-15,15.75,13.6,19.2,4.8
2023-07-16,17.65,12.6,22.3,0.6
2023-07-17,20.64,12.7,26.4,0.0
2023-07-18,21.0,16.6,26.4,8.6
2023-07-19,16.4,14.1,19.2,7.4
2023-07-20,16.84,12.6,20.5,0.6
2023-07-21,16.53,11.6,20.9,0.2
2023-07-22,17.55,12.2,22.8,0.0
2023-07-23,17.1,12.5,22.0,8.4
2023-07-24,15.72,12.1,19.2,2.4
2023-07-25,18.17,11.8,23.5,4.7
2023-07-26,20.21,16.5,24.2,4.5
2023-07-27,20.04,14.9,24.5,23.3
2023-07-28,20.69,16.8,24.4,6.6
2023-07-29,15.75,13.6,17.5,10.7
2023-07-30,17.6,11.7,22.7,0.4
2023-07-31,18.78,12.4,24.5,0.0
2023-08-01,20.08,13.4,26.0,0.0
2023-08-02,20.25,14.9,25.6,0.5
2023-08-03,22.55,17.0,28.5,0.0
2023-08-04,23.07,18.7,27.8,0.4
2023-08-05,22.78,16.0,30.5,0.0
2023-08-06,24.42,17.8,30.7,0.0
2023-08-07,24.57,19.6,29.3,0.0
2023-08-08,22.83,19.8,26.0,1.1
2023-08-09,20.83,16.6,24.6,0.2
2023-08-10,19.77,14.4,24.6,0.0
2023-08-11,21.05,14.8,26.0,1.4
2023-08-12,21.41,19.5,24.1,3.0
2023-08-13,18.77,16.6,20.3,1.5
2023-08-14,19.18,15.5,23.5,3.7
2023-08-15,20.16,15.0,25.0,0.1
2023-08-16,20.06,14.4,25.6,0.0
2023-08-17,20.92,14.5,26.6,0.0
2023-08-18,21.61,15.0,27.7,0.7
2023-08-19,21.7,16.6,27.2,0.0
2023-08-20,20.63,16.8,25.2,6.3
2023-08-21,17.05,12.6,20.9,0.0
2023-08-22,16.07,12.3,19.4,0.5
2023-08-23,15.58,11.8,19.9,1.8
2023-08-24,14.71,11.9,17.1,0.6
2023-08-25,14.39,8.4,18.5,0.0
2023-08-26,14.52,8.4,19.2,0.0
2023-08-27,15.33,10.4,21.0,0.2
2023-08-28,15.6,9.9,20.3,0.0
2023-08-29,13.72,9.9,17.4,0.4
2023-08-30,15.89,11.3,20.2,0.0
2023-08-31,18.16,11.6,24.7,0.0
2023-09-01,20.17,14.3,26.6,0.0
2023-09-02,17.22,14.3,20.8,6.1
2023-09-03,16.88,12.6,22.0,0.0
2023-09-04,16.13,10.5,21.7,0.3
2023-09-05,16.07,9.9,21.5,0.0
2023-09-06,16.07,12.0,21.2,0.5
2023-09-07,12.29,8.1,16.4,0.0
2023-09-08,11.55,8.4,14.8,0.3
2023-09-09,11.8,6.3,16.2,0.0
2023-09-10,13.25,8.2,18.0,0.0
2023-09-11,12.75,7.2,19.2,0.0
2023-09-12,12.66,6.5,19.0,0.0
2023-09-13,13.32,6.7,19.8,0.0
2023-09-14,13.65,6.7,19.9,0.0
2023-09-15,14.39,8.0,20.5,0.3
2023-09-16,12.31,7.2,16.2,0.1
2023-09-17,11.17,4.1,17.5,0.0
2023-09-18,12.63,8.4,17.0,0.0
2023-09-19,13.67,7.3,20.4,0.5
2023-09-20,17.61,12.3,23.7,0.0
2023-09-21,16.86,13.6,20.1,0.0
2023-09-22,17.27,11.4,24.4,0.0
2023-09-23,17.62,12.6,23.9,0.0
2023-09-24,18.28,13.1,24.4,0.0
2023-09-25,15.44,9.8,19.0,2.2
2023-09-26,11.42,5.9,17.0,0.0
2023-09-27,12.22,5.9,18.9,0.0
2023-09-28,14.08,6.9,21.2,0.0
2023-09-29,15.65,10.4,22.6,0.0
2023-09-30,15.96,10.8,22.0,0.0
2023-10-01,13.7,10.2,17.2,2.6
2023-10-02,10.26,7.2,13.8,0.2
2023-10-03,10.93,6.0,15.8,0.0
2023-10-04,13.61,11.1,17.2,1.3
2023-10-05,10.92,8.1,14.1,0.2
2023-10-06,8.97,4.7,12.9,3.5
2023-10-07,4.77,0.2,9.4,13.1
2023-10-08,3.8,1.9,6.5,6.2
2023-10-09,3.09,1.8,4.8,2.7
2023-10-10,2.45,0.6,3.7,1.1
2023-10-11,3.5,-1.5,7.1,0.0
2023-10-12,9.32,5.2,12.2,3.5
2023-10-13,8.83,5.4,12.1,0.0
2023-10-14,9.4,5.2,13.8,4.9
2023-10-15,11.15,7.8,13.5,6.4
2023-10-16,6.68,5.3,7.8,5.0
2023-10-17,3.52,1.4,5.4,2.1
2023-10-18,4.1,1.4,5.7,2.7
2023-10-19,4.65,3.8,5.9,2.4
2023-10-20,4.0,2.9,5.9,1.0
2023-10-21,1.7,-3.0,4.9,0.3
2023-10-22,1.17,-3.2,3.5,0.6
2023-10-23,3.91,1.6,6.0,10.7
2023-10-24,0.99,-1.0,2.3,2.2
2023-10-25,-1.54,-3.8,0.8,0.0
2023-10-26,-1.85,-4.2,0.8,0.6
2023-10-27,-1.58,-2.8,-0.3,9.5
2023-10-28,-0.71,-1.6,0.2,7.4
2023-10-29,-0.38,-0.9,0.6,1.9
2023-10-30,0.62,-5.2,5.4,9.9
2023-10-31,6.93,4.6,10.2,0.0
2023-11-01,11.24,8.1,14.6,0.0
2023-11-02,7.25,1.2,11.3,9.3
2023-11-03,0.96,-1.3,5.5,0.0
2023-11-04,2.18,-1.8,6.6,2.1
2023-11-05,9.2,6.8,11.7,9.7
2023-11-06,9.19,7.2,10.4,6.5
2023-11-07,7.88,5.7,9.2,0.6
2023-11-08,5.92,2.8,7.8,0.8
2023-11-09,3.58,0.3,7.2,0.1
2023-11-10,4.47,3.0,6.3,0.0
2023-11-11,3.72,2.2,6.4,0.0
2023-11-12,3.97,1.4,7.4,7.4
2023-11-13,4.04,1.9,7.2,6.3
2023-11-14,3.03,2.3,4.0,5.3
2023-11-15,1.62,-0.2,3.2,0.0
2023-11-16,0.15,-1.4,1.1,0.2
2023-11-17,-4.03,-7.2,-1.7,0.0
2023-11-18,-7.15,-8.5,-4.2,0.0
2023-11-19,-6.67,-8.9,-5.2,0.0
2023-11-20,-6.88,-8.8,-5.0,0.0
2023-11-21,-8.08,-9.4,-6.4,0.5
2023-11-22,-7.6,-8.8,-6.7,0.4
2023-11-23,-7.6,-7.9,-6.6,2.3
2023-11-24,-6.58,-7.6,-5.6,2.9
2023-11-25,-6.65,-7.4,-5.6,1.1
2023-11-26,-5.81,-7.7,-4.8,0.9
2023-11-27,-0.98,-5.3,2.2,17.1
2023-11-28,-5.34,-7.6,-2.3,0.9
2023-11-29,-8.99,-17.5,-1.8,1.0
2023-11-30,-2.83,-5.6,0.2,3.4
2023-12-01,-5.36,-7.2,-3.7,1.6
2023-12-02,-6.47,-8.3,-4.8,0.3
2023-12-03,-6.0,-6.6,-5.2,8.9
2023-12-04,-7.49,-9.1,-6.3,0.8
2023-12-05,-12.4,-16.2,-10.4,0.4
2023-12-06,-14.78,-17.4,-11.5,0.0
2023-12-07,-12.68,-15.1,-11.0,0.0
2023-12-08,-14.34,-15.4,-13.3,0.0
2023-12-09,-14.72,-15.7,-13.3,1.7
2023-12-10,-11.72,-14.3,-9.9,2.5
2023-12-11,-8.04,-9.7,-6.7,2.9
2023-12-12,-6.91,-7.9,-5.1,3.8
2023-12-13,-11.08,-12.4,-7.8,2.9
2023-12-14,-10.98,-11.8,-9.5,5.8
2023-12-15,-8.75,-12.1,-6.7,10.2
2023-12-16,-7.43,-11.9,-3.8,0.4
2023-12-17,-2.3,-7.6,2.5,2.6
2023-12-18,-1.77,-5.8,1.7,0.0
2023-12-19,1.78,1.1,3.1,2.0
2023-12-20,1.81,-0.6,3.2,1.1
2023-12-21,0.3,-0.3,0.9,6.3
2023-12-22,-1.03,-2.5,1.0,0.0
2023-12-23,0.58,-0.9,1.4,1.4
2023-12-24,-3.83,-8.6,-1.4,2.2
2023-12-25,-4.69,-9.4,-2.9,1.0
2023-12-26,-1.98,-3.5,0.6,1.4
2023-12-27,-4.24,-8.0,-2.2,0.1
2023-12-28,-4.26,-6.7,-2.9,0.0
2023-12-29,-2.3,-7.0,1.6,2.7
2023-12-30,1.27,0.2,1.9,8.9
2023-12-31,-2.9,-12.8,1.1,1.1
2024-01-01,-15.93,-19.0,-12.9,0.0
2024-01-02,-21.88,-24.5,-19.0,0.0
2024-01-03,-26.62,-28.5,-24.8,0.0
2024-01-04,-27.5,-29.8,-24.8,0.0
2024-01-05,-24.33,-27.8,-20.3,0.0
2024-01-06,-18.42,-23.4,-15.9,2.2
2024-01-07,-24.79,-28.2,-22.5,0.0
2024-01-08,-20.49,-28.6,-11.2,0.7
2024-01-09,-8.25,-10.7,-4.4,3.1
2024-01-10,-8.43,-12.1,-1.1,2.7
2024-01-11,-6.24,-12.5,0.2,6.5
2024-01-12,-15.52,-23.2,-11.6,0.5
2024-01-13,-27.28,-31.0,-23.0,0.0
2024-01-14,-18.45,-28.0,-7.7,0.4
2024-01-15,-3.73,-7.2,-1.6,1.8
2024-01-16,-3.1,-4.8,-1.9,2.3
2024-01-17,-11.35,-15.4,-4.8,0.4
2024-01-18,-13.32,-21.0,-4.7,9.2
2024-01-19,-6.98,-12.7,0.2,2.3
2024-01-20,-10.06,-14.5,-5.0,0.0
2024-01-21,-13.6,-17.3,-11.6,0.0
2024-01-22,-10.38,-12.9,-8.5,0.0
2024-01-23,-5.1,-9.1,-3.0,2.1
2024-01-24,-1.37,-3.5,0.3,0.4
2024-01-25,-1.07,-2.5,-0.3,4.0
2024-01-26,-4.23,-6.0,-2.6,2.8
2024-01-27,-6.53,-8.7,-4.9,1.0
2024-01-28,-7.49,-15.4,-3.7,0.1
2024-01-29,-6.18,-14.9,-2.2,0.0
2024-01-30,-1.03,-5.2,0.9,0.0
2024-01-31,-4.72,-9.6,-1.2,0.0
2024-02-01,-0.12,-2.9,1.4,2.0
2024-02-02,-2.22,-4.9,-0.8,2.3
2024-02-03,-5.7,-10.2,-2.2,0.4
2024-02-04,-0.73,-2.8,0.9,4.8
2024-02-05,-5.3,-8.4,-2.0,0.0
2024-02-06,-6.37,-11.8,-3.3,0.2
2024-02-07,-10.05,-16.1,-6.2,7.0
2024-02-08,-14.78,-18.0,-8.9,0.8
2024-02-09,-15.14,-19.7,-10.4,0.0
2024-02-10,-20.96,-23.9,-17.1,0.0
2024-02-11,-12.8,-18.9,-6.8,0.0
2024-02-12,-3.73,-6.6,-1.6,4.1
2024-02-13,-6.91,-12.2,-3.0,0.0
2024-02-14,-12.19,-15.6,-9.4,0.0
2024-02-15,-11.75,-13.1,-10.2,11.3
2024-02-16,-9.31,-10.4,-8.3,2.2
2024-02-17,-5.73,-9.1,-1.5,0.0
2024-02-18,-1.66,-4.9,0.4,5.5
2024-02-19,-7.25,-9.5,-5.5,0.0
2024-02-20,-8.83,-10.6,-7.1,0.0
2024-02-21,-8.05,-11.8,-4.2,0.0
2024-02-22,-4.0,-5.3,-2.2,0.0
2024-02-23,-0.88,-2.9,1.3,1.4
2024-02-24,-0.08,-1.6,1.2,1.1
2024-02-25,-0.44,-1.6,0.9,1.5
2024-02-26,-3.37,-6.3,-1.2,0.0
2024-02-27,-3.92,-7.2,0.9,0.0
2024-02-28,-3.66,-7.7,1.9,0.0
2024-02-29,-1.35,-4.4,1.8,0.1
2024-03-01,-0.35,-2.3,1.1,0.0
2024-03-02,-3.12,-7.3,0.2,0.0
2024-03-03,-4.89,-10.9,1.5,0.0
2024-03-04,-5.99,-12.4,0.5,0.0
2024-03-05,-5.05,-11.1,0.1,0.0
2024-03-06,-8.5,-14.4,-2.4,0.0
2024-03-07,-8.4,-16.8,1.5,0.0
2024-03-08,-4.65,-9.4,-0.4,0.3
2024-03-09,-6.96,-12.7,-3.0,0.0
2024-03-10,-9.77,-14.9,-3.8,0.0
2024-03-11,-5.69,-14.8,1.5,0.1
2024-03-12,-2.18,-8.9,2.0,0.0
2024-03-13,-5.08,-11.6,1.6,0.0
2024-03-14,-3.8,-10.0,2.8,0.0
2024-03-15,-1.05,-6.1,3.4,0.0
2024-03-16,0.59,-3.5,4.3,0.0
2024-03-17,-0.73,-5.8,3.7,0.0
2024-03-18,0.88,-2.2,3.5,0.0
2024-03-19,-0.07,-2.0,2.5,0.0
2024-03-20,-2.54,-7.8,2.9,0.0
2024-03-21,-2.75,-7.9,3.3,0.0
2024-03-22,-2.66,-9.6,4.5,0.0
2024-03-23,2.58,1.5,3.8,4.2
2024-03-24,1.85,-1.5,4.6,2.5
2024-03-25,1.28,-3.8,4.3,0.0
2024-03-26,-0.19,-5.8,3.8,0.0
2024-03-27,0.6,-4.7,6.4,0.0
2024-03-28,-0.3,-6.7,5.1,0.0
2024-03-29,3.09,0.1,5.7,0.2
2024-03-30,5.61,2.0,11.3,1.5
2024-03-31,7.4,0.3,15.4,0.0
2024-04-01,12.7,6.6,19.5,0.0
2024-04-02,14.29,7.4,21.8,0.0
2024-04-03,11.23,4.7,16.4,1.0
2024-04-04,3.65,-0.8,5.6,0.5
2024-04-05,-0.58,-4.8,3.7,0.0
2024-04-06,2.33,-2.7,7.9,0.6
2024-04-07,6.87,-0.4,14.6,0.1
2024-04-08,11.15,5.1,17.6,2.0
2024-04-09,13.15,7.2,18.6,0.5
2024-04-10,13.94,7.1,19.9,0.0
2024-04-11,13.8,8.6,17.4,0.0
2024-04-12,10.74,6.7,14.8,1.4
2024-04-13,8.76,3.0,13.3,0.1
2024-04-14,9.2,3.1,13.6,2.6
2024-04-15,7.36,4.1,10.0,2.7
2024-04-16,8.09,3.6,12.8,0.2
2024-04-17,9.13,6.3,12.4,5.9
2024-04-18,6.43,2.5,10.0,4.0
2024-04-19,8.04,2.6,15.6,3.6
2024-04-20,5.29,0.3,11.2,1.2
2024-04-21,10.11,2.1,16.1,0.0
2024-04-22,12.72,6.7,16.8,0.0
2024-04-23,8.5,4.0,13.4,0.0
2024-04-24,7.36,-0.1,13.4,0.0
2024-04-25,13.21,8.4,20.0,1.4
2024-04-26,15.2,8.6,21.3,2.9
2024-04-27,11.48,5.8,14.2,16.9
2024-04-28,10.17,3.3,15.6,0.0
2024-04-29,11.93,3.7,18.4,0.0
2024-04-30,14.68,7.4,21.1,0.0
2024-05-01,14.1,8.7,18.5,0.1
2024-05-02,8.35,4.9,11.4,0.0
2024-05-03,5.5,3.0,9.1,0.0
2024-05-04,7.09,-1.4,13.6,0.1
2024-05-05,8.74,2.7,11.6,4.4
2024-05-06,5.57,1.2,8.9,0.0
2024-05-07,2.68,1.6,4.7,8.4
2024-05-08,2.44,-0.8,5.8,2.0
2024-05-09,1.66,-1.8,5.7,1.8
2024-05-10,6.48,0.6,12.2,0.5
2024-05-11,7.34,4.0,10.6,3.1
2024-05-12,3.78,1.0,6.1,0.2
2024-05-13,4.82,-1.1,9.7,0.0
2024-05-14,6.45,0.1,11.8,0.1
2024-05-15,9.64,1.5,16.1,0.1
2024-05-16,13.05,4.9,20.0,0.1
2024-05-17,15.08,9.3,20.4,3.3
2024-05-18,13.7,6.5,19.8,0.0
2024-05-19,13.29,5.7,19.1,0.0
2024-05-20,16.75,8.9,23.9,0.0
2024-05-21,17.07,11.1,23.5,7.4
2024-05-22,16.36,10.1,21.8,0.0
2024-05-23,14.25,7.7,19.2,0.0
2024-05-24,14.63,6.6,20.9,0.0
2024-05-25,16.47,7.9,23.3,0.0
2024-05-26,17.34,9.8,23.6,1.8
2024-05-27,17.05,10.1,22.5,0.0
2024-05-28,19.03,9.4,25.2,0.0
2024-05-29,21.19,12.6,27.5,0.0
2024-05-30,22.21,14.4,28.1,0.0
2024-05-31,22.32,14.1,28.8,0.0
2024-06-01,23.19,14.8,29.7,0.0
2024-06-02,21.87,14.6,27.5,1.6
2024-06-03,20.65,16.4,24.5,2.5
2024-06-04,19.57,14.1,25.0,1.6
2024-06-05,21.41,15.0,26.3,0.0
2024-06-06,20.16,15.8,25.2,2.3
2024-06-07,19.95,15.4,23.5,0.4
2024-06-08,19.22,14.8,23.2,0.0
2024-06-09,17.78,11.9,22.0,1.0
2024-06-10,18.2,11.6,23.9,0.4
2024-06-11,20.91,16.3,25.5,33.0
2024-06-12,21.5,16.7,25.9,11.9
2024-06-13,19.95,17.1,23.4,3.8
2024-06-14,18.58,14.4,22.3,1.6
2024-06-15,19.3,13.5,24.5,0.0
2024-06-16,20.5,14.1,25.5,1.5
2024-06-17,20.47,18.1,24.9,13.8
2024-06-18,20.15,18.0,23.5,3.1
2024-06-19,20.72,15.2,24.9,0.2
2024-06-20,18.68,14.1,23.5,16.8
2024-06-21,16.87,12.2,20.9,0.0
2024-06-22,17.05,11.9,21.3,0.0
2024-06-23,17.12,10.6,22.1,0.0
2024-06-24,16.65,10.4,20.5,0.4
2024-06-25,17.53,10.3,22.5,0.1
2024-06-26,18.39,14.6,22.0,0.3
2024-06-27,19.66,12.1,25.0,0.0
2024-06-28,20.68,12.7,27.0,0.0
2024-06-29,23.82,16.4,29.9,0.1
2024-06-30,24.25,18.2,29.9,0.5
2024-07-01,25.4,18.5,30.5,0.0
2024-07-02,26.56,20.5,31.2,0.0
2024-07-03,26.4,21.2,32.8,0.0
2024-07-04,25.88,18.4,32.8,0.0
2024-07-05,23.09,18.4,28.5,16.8
2024-07-06,19.39,15.7,23.0,0.7
2024-07-07,20.55,12.4,26.5,0.0
2024-07-08,22.08,13.5,28.0,0.0
2024-07-09,23.65,15.8,29.8,0.0
2024-07-10,22.13,17.3,26.8,0.1
2024-07-11,21.64,13.1,27.1,0.0
2024-07-12,22.83,15.2,29.0,0.0
2024-07-13,23.53,17.5,29.1,0.1
2024-07-14,24.88,19.9,30.0,0.3
2024-07-15,24.67,19.5,29.0,1.2
2024-07-16,24.55,19.3,29.4,1.3
2024-07-17,24.7,18.4,29.5,0.0
2024-07-18,24.32,20.6,27.0,0.9
2024-07-19,21.22,18.9,24.5,5.5
2024-07-20,20.07,15.9,23.9,1.2
2024-07-21,19.9,15.2,24.3,1.4
2024-07-22,18.72,15.2,22.1,7.9
2024-07-23,18.97,14.2,23.0,0.1
2024-07-24,19.76,11.4,26.1,0.0
2024-07-25,20.15,14.4,25.1,5.7
2024-07-26,19.3,12.0,24.4,0.0
2024-07-27,20.97,12.6,26.8,0.0
2024-07-28,20.72,16.3,24.7,7.3
2024-07-29,18.07,15.2,22.0,11.1
2024-07-30,17.3,11.9,21.6,0.7
2024-07-31,16.7,13.4,19.5,1.4
2024-08-01,16.53,13.4,20.4,5.4
2024-08-02,17.09,12.6,21.5,1.0
2024-08-03,18.2,13.1,22.6,0.6
2024-08-04,17.82,12.8,23.6,1.7
2024-08-05,18.45,13.2,23.5,2.1
2024-08-06,18.71,13.4,23.7,1.4
2024-08-07,18.93,13.0,23.3,0.2
2024-08-08,18.43,14.7,23.1,2.3
2024-08-09,17.8,13.8,22.6,0.8
2024-08-10,18.52,12.6,24.1,0.3
2024-08-11,17.05,13.6,19.7,7.7
2024-08-12,15.24,11.4,19.2,0.1
2024-08-13,15.49,11.2,19.5,0.8
2024-08-14,17.04,12.8,21.6,0.1
2024-08-15,15.5,9.8,21.0,0.0
2024-08-16,16.86,9.7,23.4,0.0
2024-08-17,19.4,12.9,24.8,1.8
2024-08-18,21.13,17.2,26.4,0.4
2024-08-19,21.45,13.9,27.4,0.0
2024-08-20,20.72,16.5,24.1,4.9
2024-08-21,17.69,12.0,23.1,0.0
2024-08-22,18.92,13.2,24.6,0.0
2024-08-23,18.53,15.2,23.8,16.5
2024-08-24,17.26,11.7,22.5,0.0
2024-08-25,20.03,12.9,26.7,0.0
2024-08-26,21.34,14.6,27.5,0.0
2024-08-27,22.54,15.8,28.0,0.0
2024-08-28,20.9,16.8,25.3,0.0
2024-08-29,19.27,14.0,25.0,0.0
2024-08-30,18.37,12.6,24.5,0.0
2024-08-31,19.27,12.8,26.3,0.0
2024-09-01,21.99,16.2,29.1,0.0
2024-09-02,20.25,13.9,26.6,0.0
2024-09-03,19.19,11.6,25.7,0.0
2024-09-04,17.65,13.4,21.4,0.0
2024-09-05,14.71,9.2,20.5,0.0
2024-09-06,15.79,7.7,22.4,0.0
2024-09-07,17.58,9.3,23.8,0.0
2024-09-08,17.23,9.1,24.7,0.0
2024-09-09,17.89,10.1,25.4,0.0
2024-09-10,19.28,12.8,25.8,0.1
2024-09-11,19.85,14.6,25.1,0.0
2024-09-12,20.95,16.3,25.5,0.0
2024-09-13,21.55,18.1,26.1,0.0
2024-09-14,18.93,13.4,24.7,0.0
2024-09-15,18.61,12.7,25.6,0.0
2024-09-16,16.98,9.4,24.4,0.0
2024-09-17,17.03,10.1,24.3,0.0
2024-09-18,17.3,9.9,23.5,0.0
2024-09-19,15.6,10.1,21.2,0.0
2024-09-20,15.1,9.2,20.4,0.0
2024-09-21,15.85,10.9,21.7,0.0
2024-09-22,10.56,5.6,13.9,0.0
2024-09-23,9.02,4.2,14.9,0.0
2024-09-24,11.52,3.0,19.0,0.0
2024-09-25,15.46,8.6,22.5,0.0
2024-09-26,16.35,11.9,21.4,0.0
2024-09-27,16.31,14.1,18.7,4.4
2024-09-28,17.7,13.9,22.9,4.0
2024-09-29,15.99,10.9,20.5,4.9
2024-09-30,10.49,8.6,13.1,0.0
2024-10-01,11.42,6.9,17.5,0.0
2024-10-02,13.05,7.9,19.3,0.0
2024-10-03,12.63,5.1,20.9,0.0
2024-10-04,10.93,8.1,13.6,9.5
2024-10-05,10.25,7.3,12.6,0.2
2024-10-06,8.65,4.7,11.6,8.7
2024-10-07,13.39,9.5,18.5,11.6
2024-10-08,12.4,11.7,13.4,9.8
2024-10-09,7.96,6.1,11.1,1.3
2024-10-10,7.6,5.8,10.4,0.0
2024-10-11,9.98,6.5,15.2,0.0
2024-10-12,9.98,7.6,13.8,0.1
2024-10-13,5.85,3.5,7.9,0.0
2024-10-14,2.29,0.6,5.7,11.7
2024-10-15,4.9,0.9,8.4,3.8
2024-10-16,5.7,3.0,6.8,3.5
2024-10-17,2.28,-1.5,7.8,0.0
2024-10-18,1.43,-3.3,7.7,0.0
2024-10-19,2.28,-3.4,8.1,0.0
2024-10-20,5.54,0.6,10.8,0.0
2024-10-21,6.73,2.0,11.8,0.0
2024-10-22,7.4,4.9,10.8,0.0
2024-10-23,8.88,6.6,11.3,4.3
2024-10-24,7.18,5.0,8.9,4.3
2024-10-25,5.0,-0.9,6.9,0.4
2024-10-26,2.93,-1.6,7.8,0.0
2024-10-27,5.32,2.0,7.8,0.0
2024-10-28,5.46,0.9,8.8,2.0
2024-10-29,5.59,3.2,7.8,0.7
2024-10-30,4.17,-0.9,8.6,5.6
2024-10-31,3.41,1.7,7.1,1.2
2024-11-01,5.44,1.5,10.1,14.9
2024-11-02,0.81,-2.8,7.1,8.2
2024-11-03,-0.27,-2.5,0.9,0.2
2024-11-04,-1.01,-2.5,0.2,7.1
2024-11-05,-1.3,-2.8,-1.0,0.4
2024-11-06,-1.22,-7.4,3.2,3.1
2024-11-07,3.7,2.2,4.9,0.0
2024-11-08,3.98,2.8,4.6,0.2
2024-11-09,3.66,0.9,6.8,0.0
2024-11-10,3.66,1.4,5.2,0.0
2024-11-11,0.05,-1.1,1.4,0.0
2024-11-12,-0.6,-2.8,0.9,0.0
2024-11-13,0.79,-0.2,2.0,0.0
2024-11-14,-0.32,-0.9,0.4,0.1
2024-11-15,-0.08,-0.9,0.9,3.0
2024-11-16,2.86,0.3,5.2,0.7
2024-11-17,5.05,3.8,5.8,0.9
2024-11-18,3.68,3.0,4.3,0.6
2024-11-19,2.31,0.6,3.3,0.7
2024-11-20,2.45,-0.3,6.2,2.1
2024-11-21,7.26,5.6,8.8,15.5
2024-11-22,0.3,-0.8,2.0,1.0
2024-11-23,0.32,0.1,0.6,14.2
2024-11-24,-2.61,-5.3,0.0,0.7
2024-11-25,-4.64,-7.7,-3.0,0.0
2024-11-26,-3.0,-8.6,-0.6,0.0
2024-11-27,-4.3,-9.3,-1.6,0.0
2024-11-28,-2.5,-4.0,-1.6,1.2
2024-11-29,-0.27,-2.3,1.0,0.4
2024-11-30,0.19,-0.5,0.6,0.0
2024-12-01,0.77,-0.2,1.9,0.2
2024-12-02,-0.97,-1.6,0.1,0.0
2024-12-03,0.34,-0.2,1.3,0.0
2024-12-04,-0.92,-4.0,0.7,0.4
2024-12-05,-5.21,-6.2,-3.5,0.0
2024-12-06,-5.5,-6.2,-4.4,0.0
2024-12-07,-3.4,-4.7,-1.6,7.7
2024-12-08,-2.53,-3.8,-1.6,9.1
2024-12-09,-2.3,-3.4,-1.4,1.8
2024-12-10,-4.47,-5.6,-2.3,0.0
2024-12-11,-4.59,-6.8,-0.9,0.0
2024-12-12,-3.19,-5.4,-0.7,0.8
2024-12-13,-7.08,-10.1,-5.3,0.3
2024-12-14,-6.81,-11.4,-4.2,2.7
2024-12-15,-4.73,-5.8,-2.4,3.7
2024-12-16,-1.68,-2.8,-0.2,4.0
2024-12-17,-1.81,-8.9,-0.3,3.7
2024-12-18,-10.87,-11.9,-8.6,0.2
2024-12-19,-12.98,-19.0,-4.0,2.1
2024-12-20,1.12,-3.3,2.5,0.9
2024-12-21,-0.08,-4.7,1.8,1.0
2024-12-22,-4.12,-5.9,-3.1,0.0
2024-12-23,-2.85,-4.2,-1.1,0.0
2024-12-24,-0.32,-1.0,0.2,0.9
2024-12-25,-1.14,-1.9,-0.4,2.8
2024-12-26,-0.38,-1.1,0.6,0.0
2024-12-27,0.55,-0.3,1.2,0.0
2024-12-28,-0.98,-1.6,-0.2,0.0
2024-12-29,-0.51,-1.0,0.2,0.0
2024-12-30,0.31,-0.6,2.0,0.3
2024-12-31,-0.82,-2.2,1.5,5.1
2025-01-01,-2.62,-6.8,1.3,3.9
2025-01-02,2.1,1.2,3.0,2.0
2025-01-03,-3.67,-8.1,1.4,3.5
2025-01-04,-5.28,-8.9,-3.5,0.8
2025-01-05,-4.9,-7.1,-3.8,0.5
2025-01-06,-5.83,-6.6,-5.2,0.0
2025-01-07,-2.1,-5.7,1.5,6.1
2025-01-08,2.1,0.9,3.3,1.0
2025-01-09,-0.42,-2.5,0.6,0.0
2025-01-10,0.93,-1.8,2.1,2.4
2025-01-11,2.94,0.8,3.8,5.0
2025-01-12,-1.1,-2.2,0.3,0.0
2025-01-13,-2.5,-4.3,-1.5,0.8
2025-01-14,-5.03,-7.7,-1.1,2.0
2025-01-15,-0.06,-2.8,1.5,0.3
2025-01-16,-1.33,-4.7,1.5,3.8
2025-01-17,2.35,1.5,3.0,0.0
2025-01-18,1.17,0.3,2.0,1.8
2025-01-19,-0.34,-1.6,1.1,0.0
2025-01-20,0.32,-2.3,1.8,0.0
2025-01-21,-5.67,-7.6,-2.5,0.0
2025-01-22,-5.42,-7.7,-2.0,0.9
2025-01-23,-2.61,-3.0,-2.0,0.0
2025-01-24,-2.03,-3.0,-1.1,0.0
2025-01-25,-0.54,-1.9,1.5,0.0
2025-01-26,1.71,0.6,3.0,0.9
2025-01-27,3.42,1.5,4.5,2.4
2025-01-28,3.47,2.9,4.0,0.1
2025-01-29,3.38,2.8,4.1,0.1
2025-01-30,4.54,3.3,6.5,0.1
2025-01-31,3.33,1.0,5.3,0.0
2025-02-01,2.54,1.1,3.8,1.4
2025-02-02,0.38,-0.8,1.5,0.4
2025-02-03,-0.75,-1.6,0.6,0.1
2025-02-04,-1.82,-4.1,0.3,0.0
2025-02-05,-1.49,-2.9,0.1,0.0
2025-02-06,-1.54,-2.4,-0.8,0.0
2025-02-07,-3.74,-4.6,-2.4,0.0
2025-02-08,-4.03,-4.8,-3.2,0.0
2025-02-09,-4.45,-5.2,-3.7,0.0
2025-02-10,-5.03,-6.1,-4.0,0.0
2025-02-11,-5.87,-6.9,-4.6,0.0
2025-02-12,-6.82,-7.9,-5.2,0.0
2025-02-13,-7.12,-8.1,-6.0,0.0
2025-02-14,-6.88,-9.9,-5.1,0.2
2025-02-15,-8.5,-10.3,-7.6,0.2
2025-02-16,-10.75,-12.6,-9.0,0.5
2025-02-17,-12.21,-14.9,-9.9,0.0
2025-02-18,-10.86,-15.8,-6.6,0.3
2025-02-19,-7.46,-10.2,-4.8,0.1
2025-02-20,-9.17,-13.6,-6.4,0.0
2025-02-21,-7.63,-12.1,-3.2,0.0
2025-02-22,-7.38,-10.1,-2.7,0.0
2025-02-23,-9.65,-14.1,-3.7,0.0
2025-02-24,-10.48,-16.0,-3.2,0.0
2025-02-25,-9.52,-15.1,-2.0,0.0
2025-02-26,-6.63,-10.5,-1.1,0.0
2025-02-27,-6.37,-11.7,0.8,0.0
2025-02-28,-4.18,-11.5,3.3,0.0
2025-03-01,-0.76,-4.2,3.2,0.0
2025-03-02,-1.11,-2.8,1.3,0.4
2025-03-03,-0.36,-1.7,1.1,1.2
2025-03-04,1.25,-1.0,3.1,5.7
2025-03-05,1.22,-0.1,3.4,3.2
2025-03-06,4.4,1.6,7.4,2.3
2025-03-07,7.02,1.6,8.8,0.0
2025-03-08,3.63,-1.2,9.6,0.0
2025-03-09,5.63,2.3,10.9,0.0
2025-03-10,3.94,0.0,8.9,0.0
2025-03-11,6.81,3.9,11.2,0.2
2025-03-12,7.49,4.8,11.8,4.6
2025-03-13,6.97,3.8,10.9,0.2
2025-03-14,9.36,3.3,13.8,7.0
2025-03-15,0.35,-1.5,2.5,0.0
2025-03-16,-0.09,-3.8,4.4,0.0
2025-03-17,-1.71,-3.4,-0.9,1.8
2025-03-18,-2.27,-6.3,1.5,0.0
2025-03-19,-0.2,-4.2,3.5,0.9
2025-03-20,3.09,-0.9,7.8,0.0
2025-03-21,4.55,1.5,8.7,0.0
2025-03-22,1.44,-1.1,4.0,0.0
2025-03-23,0.69,-3.8,4.8,0.0
2025-03-24,4.15,-1.5,10.1,0.0
2025-03-25,3.87,1.3,5.0,5.2
2025-03-26,3.05,1.0,5.3,0.2
2025-03-27,4.82,2.7,7.6,1.8
2025-03-28,6.1,2.8,10.6,0.1
2025-03-29,6.93,1.1,12.6,0.0
2025-03-30,7.2,2.2,11.9,0.0
2025-03-31,9.27,4.6,14.1,0.0
2025-04-01,8.65,7.0,12.9,6.8
2025-04-02,8.56,5.8,12.4,3.6
2025-04-03,8.25,4.6,13.1,0.0
2025-04-04,8.78,3.5,15.4,0.0
2025-04-05,3.98,1.2,6.1,0.1
2025-04-06,-1.91,-2.9,0.5,11.6
2025-04-07,-1.31,-2.8,0.6,13.4
2025-04-08,-1.46,-2.8,-0.6,7.3
2025-04-09,-2.18,-3.5,-0.6,3.6
2025-04-10,-1.87,-4.8,0.9,1.0
2025-04-11,-0.95,-5.2,2.3,0.0
2025-04-12,-0.05,-1.3,2.8,1.2
2025-04-13,2.95,-0.9,8.6,2.4
2025-04-14,6.25,0.6,11.6,0.0
2025-04-15,11.53,6.2,17.1,0.0
2025-04-16,13.27,7.2,19.9,0.0
2025-04-17,12.93,8.4,17.7,0.0
2025-04-18,16.33,11.1,22.4,0.4
2025-04-19,18.1,12.8,24.1,1.2
2025-04-20,18.29,13.3,24.2,0.0
2025-04-21,18.55,11.6,25.5,0.0
2025-04-22,18.12,13.6,23.7,0.1
2025-04-23,18.17,11.1,25.9,0.3
2025-04-24,14.91,10.1,19.4,0.0
2025-04-25,12.84,8.0,17.0,3.3
2025-04-26,4.52,1.6,7.8,0.0
2025-04-27,2.65,-0.6,5.3,0.3
2025-04-28,5.12,-1.3,11.1,0.0
2025-04-29,7.86,5.6,11.7,3.0
2025-04-30,8.08,6.8,10.3,1.8
2025-05-01,6.42,3.3,8.7,21.1
2025-05-02,3.77,0.9,7.7,9.3
2025-05-03,8.13,2.0,13.6,0.4
2025-05-04,11.92,6.8,17.5,7.7
2025-05-05,11.34,6.7,13.7,3.5
2025-05-06,6.76,2.1,11.0,0.4
2025-05-07,9.35,4.3,13.5,0.1
2025-05-08,6.64,4.1,9.1,0.2
2025-05-09,6.02,2.5,9.1,0.0
2025-05-10,5.88,1.9,9.9,1.8
2025-05-11,5.13,2.4,8.4,1.2
2025-05-12,5.0,1.4,9.1,4.0
2025-05-13,6.35,3.2,8.8,7.1
2025-05-14,8.77,4.4,12.6,0.9
2025-05-15,11.42,5.2,16.9,0.1
2025-05-16,15.47,9.6,21.4,0.0
2025-05-17,16.29,11.4,20.7,0.0
2025-05-18,16.15,12.6,21.8,1.4
2025-05-19,13.9,11.8,16.6,1.9
2025-05-20,12.6,9.6,17.4,6.3
2025-05-21,14.56,10.2,18.7,0.8
2025-05-22,16.44,9.4,22.8,0.0
2025-05-23,20.25,13.4,25.4,0.0
2025-05-24,22.52,15.9,27.1,0.0
2025-05-25,23.18,16.5,28.1,0.0
2025-05-26,23.24,16.9,28.2,0.0
2025-05-27,22.86,18.8,26.0,0.0
2025-05-28,22.43,15.6,27.2,0.0
2025-05-29,23.79,16.9,29.1,0.1
2025-05-30,23.01,19.4,25.6,0.5
2025-05-31,20.96,18.0,25.5,3.5
2025-06-01,18.25,15.1,21.0,0.1
2025-06-02,17.82,10.6,23.0,0.0
2025-06-03,19.5,14.6,23.4,0.1
2025-06-04,18.69,14.8,22.3,0.4
2025-06-05,20.03,13.2,25.1,0.0
2025-06-06,21.55,16.4,26.5,2.7
2025-06-07,22.78,18.5,27.2,3.3
2025-06-08,22.07,17.1,27.3,1.9
2025-06-09,22.11,18.0,26.9,1.7
2025-06-10,17.33,13.6,20.4,0.0
2025-06-11,16.27,10.8,20.2,0.0
2025-06-12,17.79,14.4,21.5,3.7
2025-06-13,16.38,14.1,20.4,10.4
2025-06-14,14.48,12.2,17.6,10.0
2025-06-15,15.03,12.9,17.6,5.7
2025-06-16,18.44,13.0,23.1,0.0
2025-06-17,17.81,14.5,22.0,5.2
2025-06-18,16.48,14.6,19.6,4.1
2025-06-19,15.13,13.1,17.8,4.7
2025-06-20,13.64,11.2,17.0,7.8
2025-06-21,13.8,11.8,16.5,0.1
2025-06-22,13.19,9.9,16.2,2.6
2025-06-23,15.36,10.9,19.4,0.0
2025-06-24,16.29,11.2,20.4,1.9
2025-06-25,15.89,12.9,18.9,1.8
2025-06-26,15.72,12.8,19.4,1.1
2025-06-27,14.58,11.1,18.5,0.0
2025-06-28,16.65,10.1,22.4,0.0
2025-06-29,16.86,13.3,21.6,7.7
2025-06-30,12.53,11.0,14.7,8.3
2025-07-01,12.93,11.2,15.3,7.6
2025-07-02,15.49,12.0,19.6,1.5
2025-07-03,20.0,14.8,25.0,0.0
2025-07-04,20.95,16.8,24.6,1.5
2025-07-05,16.74,13.7,20.1,0.0
2025-07-06,16.48,12.1,21.9,0.1
2025-07-07,21.88,15.9,27.7,0.1
2025-07-08,24.89,18.6,31.7,1.6
2025-07-09,25.7,20.8,31.3,1.5
2025-07-10,27.93,22.4,33.5,0.0
2025-07-11,28.96,21.8,35.0,0.0
2025-07-12,29.01,23.7,33.2,0.6
2025-07-13,26.41,21.4,30.9,3.1
2025-07-14,23.76,19.9,28.0,1.8
2025-07-15,22.31,18.7,26.6,9.0
2025-07-16,20.97,17.8,24.5,7.4
2025-07-17,21.18,17.3,25.2,5.6
2025-07-18,21.65,16.8,26.1,0.0
2025-07-19,21.33,16.3,26.5,1.4
2025-07-20,21.86,18.9,25.6,0.6
2025-07-21,18.85,17.6,20.5,31.2
2025-07-22,19.55,16.9,22.4,3.2
2025-07-23,20.42,16.8,24.2,1.4
2025-07-24,21.29,17.5,24.6,3.0
2025-07-25,22.61,17.6,27.2,0.0
2025-07-26,20.87,15.3,25.8,0.0
2025-07-27,22.48,15.6,27.5,0.0
2025-07-28,25.0,19.0,29.6,0.0
2025-07-29,25.65,20.0,30.3,0.2
2025-07-30,25.44,19.9,30.1,0.1
2025-07-31,25.57,20.5,29.4,0.1
2025-08-01,22.1,19.2,25.6,18.3
2025-08-02,20.9,18.5,23.7,1.1
2025-08-03,21.14,15.9,25.9,0.2
2025-08-04,19.64,18.5,22.5,21.7
2025-08-05,20.52,18.4,23.3,7.4
2025-08-06,20.98,17.1,24.7,0.0
2025-08-07,18.07,16.1,19.8,5.2
2025-08-08,17.09,12.6,21.1,0.1
2025-08-09,15.94,13.4,19.5,10.3
2025-08-10,17.32,12.9,21.5,0.1
2025-08-11,16.61,14.3,19.5,1.9
2025-08-12,16.58,14.1,20.4,5.0
2025-08-13,16.66,12.9,20.6,1.0
2025-08-14,15.07,11.6,18.0,0.5
2025-08-15,18.24,14.6,22.9,0.0
2025-08-16,18.18,12.3,23.0,0.0
2025-08-17,17.39,14.1,20.0,1.4
2025-08-18,13.89,11.1,17.4,4.2
2025-08-19,16.58,14.0,19.6,0.5
2025-08-20,16.61,12.8,21.9,6.8
2025-08-21,14.25,12.1,15.8,9.0
2025-08-22,13.28,8.6,17.5,0.0
2025-08-23,14.0,10.6,17.4,0.0
2025-08-24,14.33,9.6,18.4,0.0
2025-08-25,12.5,9.3,15.6,1.5
2025-08-26,11.93,9.5,15.5,2.2
2025-08-27,12.32,8.9,15.8,1.0
2025-08-28,13.58,9.4,17.8,0.1
2025-08-29,15.67,11.4,19.9,0.9
2025-08-30,21.67,16.9,27.5,0.0
2025-08-31,21.55,15.6,28.0,0.0
2025-09-01,18.7,15.7,21.9,0.0
2025-09-02,15.05,13.8,17.0,0.0
2025-09-03,15.06,12.3,19.1,0.0
2025-09-04,14.73,12.1,18.5,0.1
2025-09-05,15.69,10.4,20.0,0.0
2025-09-06,16.24,10.9,21.2,0.0
2025-09-07,16.95,12.2,22.3,0.0
2025-09-08,17.02,11.9,22.0,0.0
2025-09-09,17.16,11.8,22.6,0.0
2025-09-10,14.78,10.1,19.5,0.0
2025-09-11,15.09,7.9,21.0,0.0
2025-09-12,14.44,11.5,17.5,0.0
2025-09-13,12.6,7.4,17.4,0.0
2025-09-14,13.2,8.1,18.3,0.0
2025-09-15,14.56,8.0,21.5,0.0
2025-09-16,16.12,11.2,21.8,0.0
2025-09-17,15.46,11.8,20.8,0.0
2025-09-18,13.78,9.4,19.1,0.4
2025-09-19,12.52,10.5,14.9,4.9
2025-09-20,13.23,10.6,15.9,0.4
2025-09-21,16.97,13.2,21.5,0.0
2025-09-22,19.89,15.1,25.6,0.0
2025-09-23,15.02,11.1,19.7,1.2
2025-09-24,8.88,6.3,11.2,0.1
2025-09-25,7.97,6.1,10.4,0.4
2025-09-26,8.75,3.3,13.8,0.0
2025-09-27,8.58,6.2,11.0,3.6
2025-09-28,7.12,5.8,9.2,1.2
2025-09-29,6.6,4.8,8.7,0.0
2025-09-30,5.06,0.4,9.4,0.0
2025-10-01,5.99,0.6,11.9,0.0
2025-10-02,7.18,2.4,12.2,0.0
2025-10-03,8.22,4.9,12.1,1.3
2025-10-04,9.18,4.6,14.2,0.0
2025-10-05,9.99,7.4,13.3,1.0
2025-10-06,11.07,9.6,12.9,3.3
2025-10-07,10.88,8.6,12.9,0.6
2025-10-08,11.16,9.4,13.4,0.0
2025-10-09,11.13,8.7,14.2,0.7
2025-10-10,10.02,8.4,11.4,1.5
2025-10-11,10.15,8.4,12.2,0.7
2025-10-12,7.24,6.0,9.4,1.0
2025-10-13,4.14,2.7,6.3,20.6
2025-10-14,4.38,3.6,5.8,5.1
2025-10-15,3.65,0.5,5.4,6.6
2025-10-16,3.72,-0.9,5.8,0.5
2025-10-17,7.75,6.1,10.5,2.7
2025-10-18,5.98,4.4,7.2,0.2
2025-10-19,5.7,4.4,7.7,0.3
2025-10-20,6.04,4.2,8.4,0.4
2025-10-21,4.21,3.2,5.0,2.4
2025-10-22,5.08,4.2,6.8,0.0
2025-10-23,4.68,2.8,6.3,0.1
2025-10-24,6.97,4.8,9.8,1.9
2025-10-25,9.47,8.1,11.9,0.3
2025-10-26,7.25,5.2,8.4,4.7
2025-10-27,6.31,3.6,8.9,2.8
2025-10-28,6.24,5.2,7.7,6.9
2025-10-29,5.32,4.0,7.6,2.6
2025-10-30,5.59,3.8,7.9,0.0
2025-10-31,5.49,4.4,6.4,9.9
2025-11-01,5.4,4.4,6.4,0.0
2025-11-02,4.98,3.6,7.2,0.1
2025-11-03,5.97,4.0,8.9,1.8
2025-11-04,8.53,7.8,9.4,3.0
2025-11-05,6.43,3.8,8.6,0.0
2025-11-06,7.04,5.2,8.8,1.6
2025-11-07,8.54,7.2,10.0,1.6
2025-11-08,9.02,8.1,10.5,0.2
2025-11-09,5.84,3.7,8.0,0.0
2025-11-10,3.11,2.5,3.7,0.0
2025-11-11,3.62,2.8,5.3,0.0
2025-11-12,3.35,2.3,4.3,1.0
2025-11-13,4.67,3.5,6.3,0.1
2025-11-14,5.46,4.2,6.8,0.5
2025-11-15,0.41,-3.2,5.2,12.8
2025-11-16,-3.78,-5.4,-2.0,0.0
2025-11-17,-0.41,-5.2,3.2,2.9
2025-11-18,5.12,1.1,9.4,10.1
2025-11-19,0.28,-0.6,0.9,0.0
2025-11-20,-0.41,-1.5,1.1,0.0
2025-11-21,0.08,-1.9,1.2,0.6
2025-11-22,0.94,0.2,2.0,4.6
2025-11-23,-0.34,-1.9,0.9,0.1
2025-11-24,1.65,-1.0,4.9,10.5
2025-11-25,0.18,-0.6,1.1,0.0
2025-11-26,0.49,0.2,0.9,7.2
2025-11-27,3.7,1.0,5.1,6.3
2025-11-28,3.44,1.5,5.6,3.7
2025-11-29,0.21,-0.3,1.1,0.0
2025-11-30,1.94,0.6,3.0,0.2
2025-12-01,0.68,-0.6,2.8,0.0
2025-12-02,0.42,-0.1,0.9,0.0
2025-12-03,0.79,0.4,1.5,0.0
2025-12-04,1.79,0.8,2.9,0.0
2025-12-05,1.98,1.0,2.7,0.0
2025-12-06,2.67,1.8,3.5,0.0
2025-12-07,0.82,0.2,2.2,0.0
2025-12-08,0.2,-0.3,0.8,0.0
2025-12-09,-0.38,-1.1,0.2,0.4
2025-12-10,-0.51,-1.6,0.3,2.2
2025-12-11,1.96,0.4,3.4,4.2
2025-12-12,1.5,-3.8,4.3,3.6
2025-12-13,-4.82,-5.6,-3.8,0.8
2025-12-14,-6.03,-8.1,-5.1,0.6
2025-12-15,-7.79,-11.1,-5.7,0.1
2025-12-16,-2.14,-6.4,1.5,1.4
2025-12-17,1.16,0.3,1.8,0.1
2025-12-18,0.32,-0.2,1.4,0.0
2025-12-19,-0.11,-1.2,1.4,0.2
2025-12-20,-0.57,-0.9,-0.2,0.0
2025-12-21,0.13,-0.6,0.7,0.5
2025-12-22,-0.51,-4.6,1.1,1.7
2025-12-23,-11.6,-15.4,-5.8,0.0
2025-12-24,-12.21,-17.0,-5.4,0.7
2025-12-25,-2.58,-4.8,-0.6,3.6
2025-12-26,0.52,-0.2,0.9,9.4
2025-12-27,-1.14,-3.3,0.4,0.8
2025-12-28,-2.82,-3.2,-2.1,2.7
2025-12-29,-4.23,-5.2,-3.5,2.1
2025-12-30,-5.0,-5.8,-4.2,4.6
2025-12-31,-6.87,-8.5,-5.0,2.8
